Crash Number,Date and Time of Crash,Police Shift,Crash Location,Light Conditions,Weather Conditions,Road Surface,Road Contributing Circumstances,Traffic Control Device Type,Roadway Intersection Type,Trafficway Description,Manner of Collision,First Harmful Event,First Harmful Event Location,Speed Limit,Work Zone,Count Fatal Injury ,Count Suspected Serious Injury,Count Suspected Minor Injury ,Count Possible Injury,Count No Apparent Injury,Count Unknown Injury,Count Not Reported Injury,Total Non-Motorists,Pedestrian Involvement (Non-Motorist),Cyclist Involvement (Non-Motorist),Other Non-Motorist Involvement,Non-Motorist Location ,Non-Motorist Action,Non-Motorist Condition,Hit and Run Flag,Latitude,Longitude,Ward,Block Code 
22020662,2022-04-17 16:51:00,First Half (4PM - Midnight),"BROADWAY & TEMPLE ST Somerville, MA",DAYLIGHT                                          ,CLEAR                                             ,DRY                                               ,NONE                                              ,TRAFFIC CONTROL SIGNAL                            ,FOUR WAY INTERSECTION                             ,"TWO-WAY, DIVIDED, POSITIVE MEDIAN BARRIER         ","SIDESWIPE, SAME DIRECTION                         ",COLLISION WITH MOTOR VEHICLE IN TRAFFIC           ,ROADWAY                                           ,25 ,N,0,0,0,0,6,0,0,0,0,0,0,,,,N,42.3927,-71.0933,4,250173501082012
19054983,2019-09-24 11:15:00,Day Shift (8AM - 4PM),"BROADWAY & TEMPLE ST Somerville, MA",DAYLIGHT                                          ,CLEAR                                             ,DRY                                               ,NONE                                              ,TRAFFIC CONTROL SIGNAL                            ,T-INTERSECTION                                    ,"TWO-WAY, NOT DIVIDED                              ",HEAD ON                                           ,COLLISION WITH MOTOR VEHICLE IN TRAFFIC           ,ROADWAY                                           ,25 ,N,0,0,0,0,5,0,0,0,0,0,0,,,,N,42.3927,-71.0933,4,250173501082012
22011910,2022-03-07 15:36:00,Day Shift (8AM - 4PM),"BROADWAY & TEMPLE ST Somerville, MA",DAYLIGHT                                          ,CLOUDY                                            ,DRY                                               ,NONE                                              ,TRAFFIC CONTROL SIGNAL                            ,T-INTERSECTION                                    ,"TWO-WAY, DIVIDED, POSITIVE MEDIAN BARRIER         ",SINGLE VEHICLE CRASH                              ,COLLISION WITH PEDESTRIAN                         ,UNKNOWN                                           ,25 ,N,0,0,1,0,2,0,0,1,1,0,0,MARKED CROSSWALK AT INTERSECTION                  ,ENTERING OR CROSSING SPECIFIED LOCATION           ,APPARENTLY NORMAL                                 ,N,42.3927,-71.0933,4,250173501082012
20041121,2020-08-25 11:59:00,Day Shift (8AM - 4PM),"BROADWAY & TEMPLE ST Somerville, MA",DAYLIGHT                                          ,CLEAR                                             ,DRY                                               ,NONE                                              ,TRAFFIC CONTROL SIGNAL                            ,T-INTERSECTION                                    ,"TWO-WAY, DIVIDED, UNPROTECTED MEDIAN              ",REAR-END                                          ,COLLISION WITH MOTOR VEHICLE IN TRAFFIC           ,ROADWAY                                           ,25 ,N,0,0,0,1,3,0,0,0,0,0,0,,,,N,42.3927,-71.0933,4,250173501082012
19052914,2019-09-14 16:23:00,First Half (4PM - Midnight),"BROADWAY & TEMPLE ST Somerville, MA",DAYLIGHT                                          ,CLOUDY                                            ,WET                                               ,NONE                                              ,TRAFFIC CONTROL SIGNAL                            ,T-INTERSECTION                                    ,"TWO-WAY, NOT DIVIDED                              ","SIDESWIPE, SAME DIRECTION                         ",COLLISION WITH MOTOR VEHICLE IN TRAFFIC           ,ROADWAY                                           ,30 ,N,0,0,0,0,2,0,0,0,0,0,0,,,,N,42.3927,-71.0933,4,250173501082012
19054121,2019-09-20 11:23:00,Day Shift (8AM - 4PM),"BROADWAY & TEMPLE ST Somerville, MA",DAYLIGHT                                          ,CLEAR                                             ,DRY                                               ,NONE                                              ,TRAFFIC CONTROL SIGNAL                            ,Y-INTERSECTION                                    ,"ONE-WAY, NOT DIVIDED                              ",REAR-END                                          ,COLLISION WITH MOTOR VEHICLE IN TRAFFIC           ,ROADWAY                                           ,25 ,N,0,0,0,0,3,0,0,0,0,0,0,,,,N,42.3927,-71.0933,4,250173501082012
22029202,2022-05-25 13:49:00,Day Shift (8AM - 4PM),"BROADWAY & TEMPLE ST Somerville, MA",DAYLIGHT                                          ,CLEAR                                             ,DRY                                               ,NONE                                              ,TRAFFIC CONTROL SIGNAL                            ,T-INTERSECTION                                    ,"TWO-WAY, DIVIDED, POSITIVE MEDIAN BARRIER         ",ANGLE                                             ,COLLISION WITH MOTOR VEHICLE IN TRAFFIC           ,ROADWAY                                           ,25 ,N,0,0,0,0,2,0,0,0,0,0,0,,,,N,42.3927,-71.0933,4,250173501082012
22055588,2022-09-29 14:28:00,Day Shift (8AM - 4PM),"BROADWAY & TEMPLE ST Somerville, MA",DAYLIGHT                                          ,CLEAR                                             ,DRY                                               ,NONE                                              ,TRAFFIC CONTROL SIGNAL                            ,FOUR WAY INTERSECTION                             ,"TWO-WAY, NOT DIVIDED                              ","SIDESWIPE, SAME DIRECTION                         ",COLLISION WITH MOTOR VEHICLE IN TRAFFIC           ,ROADWAY                                           ,25 ,N,0,0,0,0,3,0,0,0,0,0,0,,,,N,42.3927,-71.0933,4,250173501082012
20045469,2020-09-22 22:15:00,First Half (4PM - Midnight),"BROADWAY & TEMPLE ST Somerville, MA",DARK - LIGHTED ROADWAY                            ,CLEAR                                             ,DRY                                               ,NONE                                              ,NO CONTROLS                                       ,T-INTERSECTION                                    ,"TWO-WAY, DIVIDED, UNPROTECTED MEDIAN              ",REAR-END                                          ,COLLISION WITH PARKED MOTOR VEHICLE               ,ROADWAY                                           ,30 ,N,0,0,0,0,4,0,0,0,0,0,0,,,,N,42.3927,-71.0933,4,250173501082012
20060315,2020-12-14 16:39:00,First Half (4PM - Midnight),"BROADWAY & TEMPLE ST Somerville, MA",DUSK                                              ,RAIN                                              ,WET                                               ,NONE                                              ,TRAFFIC CONTROL SIGNAL                            ,T-INTERSECTION                                    ,"TWO-WAY, DIVIDED, UNPROTECTED MEDIAN              ",REAR-END                                          ,COLLISION WITH MOTOR VEHICLE IN TRAFFIC           ,ROADWAY                                           ,25 ,N,0,0,0,0,2,2,0,0,0,0,0,,,,N,42.3927,-71.0933,4,250173501082012
18076030,2018-12-27 18:25:00,First Half (4PM - Midnight),"MYSTIC AV & TEMPLE ST Somerville, MA",DARK - LIGHTED ROADWAY                            ,CLEAR                                             ,DRY                                               ,NONE                                              ,TRAFFIC CONTROL SIGNAL                            ,FOUR WAY INTERSECTION                             ,"TWO-WAY, DIVIDED, UNPROTECTED MEDIAN              ",SINGLE VEHICLE CRASH                              ,COLLISION WITH PEDESTRIAN                         ,ROADWAY                                           ,25 ,N,0,0,1,0,2,0,0,1,1,0,0,MARKED CROSSWALK AT INTERSECTION                  ,"WALKING, RUNNING OR CYCLING                       ",UNKNOWN                                           ,N,42.3956,-71.0891,4,250173501091001
22041099,2022-07-24 17:59:00,First Half (4PM - Midnight),"MYSTIC AV & TEMPLE ST Somerville, MA",DAYLIGHT                                          ,CLEAR                                             ,DRY                                               ,NONE                                              ,TRAFFIC CONTROL SIGNAL                            ,FOUR WAY INTERSECTION                             ,"TWO-WAY, DIVIDED, UNPROTECTED MEDIAN              ",ANGLE                                             ,COLLISION WITH MOPED                              ,ROADWAY                                           ,25 ,N,0,0,1,0,1,0,0,0,0,0,0,,,,N,42.3956,-71.0891,4,250173501091001
20041172,2020-08-25 18:38:00,First Half (4PM - Midnight),"MYSTIC AV & TEMPLE RD Somerville, MA",DAYLIGHT                                          ,CLEAR                                             ,DRY                                               ,NONE                                              ,TRAFFIC CONTROL SIGNAL                            ,FOUR WAY INTERSECTION                             ,"TWO-WAY, DIVIDED, UNPROTECTED MEDIAN              ",REAR-END                                          ,COLLISION WITH MOTOR VEHICLE IN TRAFFIC           ,ROADWAY                                           ,30 ,N,0,0,0,1,2,0,0,0,0,0,0,,,,N,42.3956,-71.0891,4,250173501091001
19002133,2019-01-13 02:08:00,Last Half (Midnight - 8AM),"MYSTIC AV & TEMPLE ST Somerville, MA",DARK - LIGHTED ROADWAY                            ,CLEAR                                             ,DRY                                               ,NONE                                              ,TRAFFIC CONTROL SIGNAL                            ,FOUR WAY INTERSECTION                             ,"TWO-WAY, NOT DIVIDED                              ",ANGLE                                             ,COLLISION WITH MOTOR VEHICLE IN TRAFFIC           ,ROADWAY                                           ,25 ,N,0,0,0,0,3,0,0,0,0,0,0,,,,N,42.3956,-71.0891,4,250173501091001
20034680,2020-07-14 05:08:00,Last Half (Midnight - 8AM),"MEMORIAL RD & TEMPLE ST Somerville, MA",DAWN                                              ,CLEAR                                             ,DRY                                               ,NONE                                              ,STOP SIGNS                                        ,T-INTERSECTION                                    ,"TWO-WAY, DIVIDED, UNPROTECTED MEDIAN              ",ANGLE                                             ,COLLISION WITH MOTOR VEHICLE IN TRAFFIC           ,ROADWAY                                           ,25 ,N,0,0,0,0,2,0,0,0,0,0,0,,,,N,42.3952,-71.0912,4,250173501091002
19058452,2019-10-11 13:51:00,Day Shift (8AM - 4PM),"MEMORIAL RD & TEMPLE ST Somerville, MA",DAYLIGHT                                          ,RAIN                                              ,WET                                               ,NONE                                              ,STOP SIGNS                                        ,T-INTERSECTION                                    ,"TWO-WAY, NOT DIVIDED                              ",SINGLE VEHICLE CRASH                              ,COLLISION WITH MOTOR VEHICLE IN TRAFFIC           ,ROADWAY                                           ,25 ,N,0,0,0,0,2,0,0,0,0,0,0,,,,N,42.3952,-71.0912,4,250173501091002
23033992,2023-06-18 02:01:00,Last Half (Midnight - 8AM),"MEMORIAL RD & TEMPLE ST Somerville, MA",DARK - LIGHTED ROADWAY                            ,RAIN                                              ,WET                                               ,NONE                                              ,NO CONTROLS                                       ,T-INTERSECTION                                    ,"TWO-WAY, DIVIDED, UNPROTECTED MEDIAN              ",ANGLE                                             ,COLLISION WITH PARKED MOTOR VEHICLE               ,ROADWAY                                           ,25 ,N,0,0,0,0,5,0,0,0,0,0,0,,,,N,42.3952,-71.0912,4,250173501091002
22063846,2022-11-07 08:28:00,Day Shift (8AM - 4PM),"472 MYSTIC AV Somerville, MA",DAYLIGHT                                          ,CLEAR                                             ,WET                                               ,NONE                                              ,NO CONTROLS                                       ,DRIVEWAY                                          ,"TWO-WAY, NOT DIVIDED                              ",REAR TO REAR                                      ,COLLISION WITH MOTOR VEHICLE IN TRAFFIC           ,OUTSIDE ROADWAY                                   ,25 ,N,0,0,0,1,4,0,0,0,0,0,0,,,,N,42.3958,-71.0898,4,250173501091002
23005588,2023-02-01 14:21:00,Day Shift (8AM - 4PM),"MEMORIAL RD & TEMPLE ST Somerville, MA",DAYLIGHT                                          ,CLEAR                                             ,DRY                                               ,NONE                                              ,STOP SIGNS                                        ,T-INTERSECTION                                    ,"TWO-WAY, NOT DIVIDED                              ",ANGLE                                             ,COLLISION WITH MOTOR VEHICLE IN TRAFFIC           ,ROADWAY                                           ,25 ,N,0,0,0,0,2,0,0,0,0,0,0,,,,N,42.3952,-71.0912,4,250173501091002
20056487,2020-11-21 00:15:00,Last Half (Midnight - 8AM),"MEMORIAL RD & TEMPLE ST Somerville, MA",DARK - LIGHTED ROADWAY                            ,CLEAR                                             ,DRY                                               ,NONE                                              ,NO CONTROLS                                       ,NOT AT INTERSECTION                               ,"TWO-WAY, NOT DIVIDED                              ",HEAD ON                                           ,COLLISION WITH MOTOR VEHICLE IN TRAFFIC           ,ROADWAY                                           ,25 ,N,0,0,0,0,3,0,0,0,0,0,0,,,,N,42.3952,-71.0912,4,250173501091002
24003531,2024-01-20 11:52:00,Day Shift (8AM - 4PM),"MEMORIAL RD & TEMPLE STREET Somerville, MA",DAYLIGHT                                          ,CLEAR                                             ,DRY                                               ,NONE                                              ,NO CONTROLS                                       ,Y-INTERSECTION                                    ,"TWO-WAY, NOT DIVIDED                              ",HEAD ON                                           ,COLLISION WITH MOTOR VEHICLE IN TRAFFIC           ,ROADWAY                                           ,25 ,N,0,0,1,0,2,0,0,0,0,0,0,,,,N,42.3952,-71.0912,4,250173501091002
18032116,2018-05-30 09:59:00,Day Shift (8AM - 4PM),"422 MYSTIC AV Somerville, MA",DAYLIGHT                                          ,CLEAR                                             ,DRY                                               ,NONE                                              ,TRAFFIC CONTROL SIGNAL                            ,FOUR WAY INTERSECTION                             ,"TWO-WAY, NOT DIVIDED                              ",REAR-END                                          ,COLLISION WITH MOTOR VEHICLE IN TRAFFIC           ,ROADWAY                                           ,25 ,N,0,0,0,1,2,0,0,0,0,0,0,,,,N,42.395,-71.089,4,250173501091003
18038024,2018-06-25 21:46:00,First Half (4PM - Midnight),"49 SYDNEY ST Somerville, MA",,,,,,,,,,,25 ,,0,0,0,0,0,1,0,0,0,0,0,,,,Y,42.3947,-71.0895,4,250173501091003
21042813,2021-08-17 17:47:00,First Half (4PM - Midnight),"119 TEMPLE ST Somerville, MA",DAYLIGHT                                          ,CLEAR                                             ,DRY                                               ,NONE                                              ,NO CONTROLS                                       ,NOT AT INTERSECTION                               ,"TWO-WAY, NOT DIVIDED                              ",SINGLE VEHICLE CRASH                              ,COLLISION WITH PEDESTRIAN                         ,ROADWAY                                           ,25 ,N,0,0,1,0,4,0,0,1,1,0,0,IN ROADWAY                                        ,"WALKING, RUNNING OR CYCLING                       ",APPARENTLY NORMAL                                 ,N,42.3953,-71.0897,4,250173501091003
21057120,2021-10-30 15:53:00,Day Shift (8AM - 4PM),"MYSTIC AV & WHEATLAND ST Somerville, MA",DAYLIGHT                                          ,CLOUDY                                            ,WET                                               ,NONE                                              ,TRAFFIC CONTROL SIGNAL                            ,FOUR WAY INTERSECTION                             ,"ONE-WAY, NOT DIVIDED                              ",ANGLE                                             ,COLLISION WITH GUARDRAIL                          ,ROADWAY                                           ,25 ,N,0,0,0,1,3,0,0,0,0,0,0,,,,N,42.3941,-71.0871,4,250173501091008
23059441,2023-10-15 01:08:00,Last Half (Midnight - 8AM),"FELLSWAY WEST & MYSTIC AV Somerville, MA",DARK - LIGHTED ROADWAY                            ,CLEAR                                             ,DRY                                               ,NONE                                              ,TRAFFIC CONTROL SIGNAL                            ,FIVE-POINT OR MORE                                ,"ONE-WAY, NOT DIVIDED                              ","SIDESWIPE, SAME DIRECTION                         ",COLLISION WITH MOTOR VEHICLE IN TRAFFIC           ,ROADWAY                                           ,35 ,N,0,0,0,0,2,0,0,0,0,0,0,,,,N,42.3936,-71.0865,4,250173501091008
22005647,2022-02-04 18:03:00,First Half (4PM - Midnight),"57 DERBY ST Somerville, MA",DARK - LIGHTED ROADWAY                            ,"SLEET, HAIL, FREEZING RAIN OR DRIZZLE             ",ICE                                               ,OTHER                                             ,NO CONTROLS                                       ,NOT AT INTERSECTION                               ,"ONE-WAY, NOT DIVIDED                              ","SIDESWIPE, SAME DIRECTION                         ",COLLISION WITH PARKED MOTOR VEHICLE               ,ROADWAY                                           ,25 ,N,0,0,0,0,3,0,0,0,0,0,0,,,,N,42.3943,-71.0904,4,250173501091010
23007871,2023-02-12 12:03:00,Day Shift (8AM - 4PM),"74 GRANT ST Somerville, MA",DAYLIGHT                                          ,CLEAR                                             ,DRY                                               ,NONE                                              ,NO CONTROLS                                       ,NOT AT INTERSECTION                               ,"ONE-WAY, NOT DIVIDED                              ",HEAD ON                                           ,COLLISION WITH PEDALCYCLE                         ,ROADWAY                                           ,20 ,N,0,0,0,0,2,0,0,1,0,1,0,IN ROADWAY                                        ,"WALKING, RUNNING OR CYCLING                       ",APPARENTLY NORMAL                                 ,N,42.3937,-71.0892,4,250173501091010
21030898,2021-06-19 06:47:00,Last Half (Midnight - 8AM),"87 TEMPLE ST Somerville, MA",DAWN                                              ,CLEAR                                             ,DRY                                               ,UNKNOWN                                           ,NO CONTROLS                                       ,T-INTERSECTION                                    ,"TWO-WAY, DIVIDED, UNPROTECTED MEDIAN              ",REAR-END                                          ,COLLISION WITH PARKED MOTOR VEHICLE               ,ROADWAY                                           ,25 ,N,0,0,0,0,5,0,0,0,0,0,0,,,,Y,42.3951,-71.091,4,250173501091010
23036426,2023-06-29 19:44:00,First Half (4PM - Midnight),"65 TEMPLE ST Somerville, MA",DAYLIGHT                                          ,CLEAR                                             ,DRY                                               ,NONE                                              ,NO CONTROLS                                       ,NOT AT INTERSECTION                               ,"TWO-WAY, NOT DIVIDED                              ",SINGLE VEHICLE CRASH                              ,COLLISION WITH TREE                               ,ROADWAY                                           ,20 ,N,0,0,0,0,4,0,0,0,0,0,0,,,,N,42.3946,-71.0915,4,250173501091011
20028597,2020-06-05 18:09:00,First Half (4PM - Midnight),"34 DERBY ST Somerville, MA",DAYLIGHT                                          ,CLEAR                                             ,DRY                                               ,NONE                                              ,NO CONTROLS                                       ,NOT AT INTERSECTION                               ,"ONE-WAY, NOT DIVIDED                              ",REAR-END                                          ,COLLISION WITH PARKED MOTOR VEHICLE               ,ROADWAY                                           ,20 ,N,0,0,0,0,2,0,0,0,0,0,0,,,,N,42.3937,-71.09,4,250173501091011
19034027,2019-06-17 13:47:00,Day Shift (8AM - 4PM),"67 TEMPLE ST Somerville, MA",DAYLIGHT                                          ,CLEAR                                             ,DRY                                               ,NONE                                              ,NO CONTROLS                                       ,NOT AT INTERSECTION                               ,"TWO-WAY, NOT DIVIDED                              ",SINGLE VEHICLE CRASH                              ,COLLISION WITH PEDESTRIAN                         ,ROADWAY                                           ,25 ,N,0,1,0,0,6,0,0,1,1,0,0,IN ROADWAY                                        ,"WALKING, RUNNING OR CYCLING                       ",APPARENTLY NORMAL                                 ,N,42.3948,-71.0915,4,250173501091011
23023880,2023-05-02 18:04:00,First Half (4PM - Midnight),"37 JAQUES ST Somerville, MA",DAYLIGHT                                          ,CLEAR                                             ,DRY                                               ,NONE                                              ,UNKNOWN                                           ,UNKNOWN                                           ,"TWO-WAY, NOT DIVIDED                              ","SIDESWIPE, SAME DIRECTION                         ",COLLISION WITH PARKED MOTOR VEHICLE               ,SHOULDER - PAVED                                  ,25 ,N,0,0,0,0,2,0,0,0,0,0,0,,,,N,42.3937,-71.0907,4,250173501091011
23016998,2023-04-01 05:26:00,Last Half (Midnight - 8AM),"69 TEMPLE STREET Somerville, MA",DAWN                                              ,RAIN                                              ,WET                                               ,NONE                                              ,NO CONTROLS                                       ,NOT AT INTERSECTION                               ,"TWO-WAY, NOT DIVIDED                              ","SIDESWIPE, SAME DIRECTION                         ",COLLISION WITH PARKED MOTOR VEHICLE               ,ROADWAY                                           ,25 ,N,0,0,0,0,3,0,0,0,0,0,0,,,,N,42.395,-71.0915,4,250173501091011
19065813,2019-11-17 20:09:00,First Half (4PM - Midnight),"36 DERBY ST Somerville, MA",DARK - ROADWAY NOT LIGHTED                        ,OTHER                                             ,WET                                               ,NONE                                              ,NO CONTROLS                                       ,NOT AT INTERSECTION                               ,"ONE-WAY, NOT DIVIDED                              ",ANGLE                                             ,COLLISION WITH PEDESTRIAN                         ,ROADWAY                                           ,20 ,N,0,1,0,0,6,0,0,1,0,0,1,IN ROADWAY                                        ,ENTERING OR CROSSING SPECIFIED LOCATION           ,PHYSICAL IMPAIRMENT                               ,N,42.3937,-71.09,4,250173501091011
19069111,2019-12-05 18:42:00,First Half (4PM - Midnight),"63 TEMPLE ST Somerville, MA",DARK - LIGHTED ROADWAY                            ,CLEAR                                             ,WET                                               ,NONE                                              ,NO CONTROLS                                       ,NOT AT INTERSECTION                               ,"TWO-WAY, NOT DIVIDED                              ","SIDESWIPE, OPPOSITE DIRECTION                     ",COLLISION WITH PEDALCYCLE                         ,ROADWAY                                           ,25 ,N,0,0,0,0,3,0,0,1,0,1,0,IN ROADWAY                                        ,"WALKING, RUNNING OR CYCLING                       ",APPARENTLY NORMAL                                 ,N,42.3946,-71.0915,4,250173501091011
21051309,2021-09-29 10:01:00,Day Shift (8AM - 4PM),"48 JAQUES ST Somerville, MA",DAYLIGHT                                          ,CLEAR                                             ,DRY                                               ,NONE                                              ,NO CONTROLS                                       ,NOT AT INTERSECTION                               ,"TWO-WAY, NOT DIVIDED                              ","SIDESWIPE, SAME DIRECTION                         ",COLLISION WITH PARKED MOTOR VEHICLE               ,ROADSIDE                                          ,20 ,N,0,0,0,0,2,0,0,0,0,0,0,,,,N,42.3938,-71.0916,4,250173501091012
23065830,2023-11-13 14:14:00,Day Shift (8AM - 4PM),"34 GRANT ST Somerville, MA",DAYLIGHT                                          ,CLOUDY                                            ,DRY                                               ,NONE                                              ,NO CONTROLS                                       ,NOT AT INTERSECTION                               ,"ONE-WAY, NOT DIVIDED                              ",ANGLE                                             ,COLLISION WITH MOTOR VEHICLE IN TRAFFIC           ,ROADWAY                                           ,25 ,N,0,0,0,1,3,0,0,0,0,0,0,,,,N,42.3928,-71.0905,4,250173501091012
22056524,2022-10-03 17:47:00,First Half (4PM - Midnight),"24 GRANT ST Somerville, MA",DAYLIGHT                                          ,CLEAR                                             ,DRY                                               ,NONE                                              ,STOP SIGNS                                        ,T-INTERSECTION                                    ,"ONE-WAY, NOT DIVIDED                              ","SIDESWIPE, SAME DIRECTION                         ",COLLISION WITH MOTOR VEHICLE IN TRAFFIC           ,ROADWAY                                           ,20 ,N,0,0,0,0,3,0,0,0,0,0,0,,,,N,42.3926,-71.0908,4,250173501091012
21060318,2021-11-17 19:29:00,First Half (4PM - Midnight),"35 TEMPLE ST Somerville, MA",DARK - LIGHTED ROADWAY                            ,CLOUDY                                            ,DRY                                               ,NONE                                              ,NO CONTROLS                                       ,NOT AT INTERSECTION                               ,"TWO-WAY, NOT DIVIDED                              ",REAR-END                                          ,COLLISION WITH MOTOR VEHICLE IN TRAFFIC           ,ROADWAY                                           ,25 ,N,0,0,0,0,3,0,0,0,0,0,0,,,,N,42.3937,-71.0923,4,250173501091012
21044660,2021-08-27 09:46:00,Day Shift (8AM - 4PM),"25 SEWALL ST Somerville, MA",DAYLIGHT                                          ,CLEAR                                             ,DRY                                               ,NONE                                              ,NO CONTROLS                                       ,NOT AT INTERSECTION                               ,"ONE-WAY, NOT DIVIDED                              ","SIDESWIPE, SAME DIRECTION                         ",COLLISION WITH PARKED MOTOR VEHICLE               ,ROADSIDE                                          ,25 ,N,0,0,0,0,3,0,0,0,0,0,0,,,,N,42.3932,-71.0915,4,250173501091012
23012176,2023-03-08 17:29:00,First Half (4PM - Midnight),"9 TEMPLE ST Somerville, MA",DAYLIGHT                                          ,CLEAR                                             ,DRY                                               ,NONE                                              ,NO CONTROLS                                       ,NOT AT INTERSECTION                               ,"TWO-WAY, NOT DIVIDED                              ","SIDESWIPE, SAME DIRECTION                         ",COLLISION WITH MOTOR VEHICLE IN TRAFFIC           ,ROADWAY                                           ,25 ,N,0,0,0,0,2,0,0,0,0,0,0,,,,N,42.3928,-71.0929,4,250173501091013
19044370,2019-08-03 23:08:00,First Half (4PM - Midnight),"313 BROADWAY Somerville, MA",DARK - LIGHTED ROADWAY                            ,CLEAR                                             ,DRY                                               ,NONE                                              ,NO CONTROLS                                       ,NOT AT INTERSECTION                               ,"TWO-WAY, NOT DIVIDED                              ",SINGLE VEHICLE CRASH                              ,OTHER                                             ,OUTSIDE ROADWAY                                   ,15 ,N,0,0,1,0,0,0,0,0,0,0,0,,,,N,42.3927,-71.093,4,250173501091013
18046930,2018-08-07 21:40:00,First Half (4PM - Midnight),"299 BROADWAY Somerville, MA",DARK - LIGHTED ROADWAY                            ,CLEAR                                             ,DRY                                               ,NONE                                              ,NO CONTROLS                                       ,NOT AT INTERSECTION                               ,"TWO-WAY, DIVIDED, POSITIVE MEDIAN BARRIER         ",ANGLE                                             ,COLLISION WITH PEDALCYCLE                         ,ROADWAY                                           ,30 ,N,0,0,0,1,0,0,0,1,0,1,0,IN ROADWAY                                        ,"WALKING, RUNNING OR CYCLING                       ",APPARENTLY NORMAL                                 ,Y,42.3923,-71.0919,4,250173501091013
24000153,2024-01-02 01:30:00,Last Half (Midnight - 8AM),"299 BROADWAY Somerville, MA",DARK - ROADWAY NOT LIGHTED                        ,CLEAR                                             ,DRY                                               ,NONE                                              ,NO CONTROLS                                       ,NOT AT INTERSECTION                               ,UNKNOWN                                           ,SINGLE VEHICLE CRASH                              ,COLLISION WITH LIGHT POLE OR OTHER POST/SUPPORT   ,UNKNOWN                                           ,10 ,N,0,0,0,0,1,0,0,0,0,0,0,,,,N,42.3923,-71.0919,4,250173501091013
19066375,2019-11-20 19:41:00,First Half (4PM - Midnight),"281 BROADWAY Somerville, MA",DARK - LIGHTED ROADWAY                            ,RAIN                                              ,WET                                               ,NONE                                              ,STOP SIGNS                                        ,T-INTERSECTION                                    ,"TWO-WAY, DIVIDED, POSITIVE MEDIAN BARRIER         ",ANGLE                                             ,COLLISION WITH MOTOR VEHICLE IN TRAFFIC           ,ROADWAY                                           ,30 ,N,0,0,0,0,3,0,0,0,0,0,0,,,,N,42.392,-71.0916,4,250173501091013
23008411,2023-02-15 10:32:00,Day Shift (8AM - 4PM),"299 BROADWAY Somerville, MA",DAYLIGHT                                          ,CLEAR                                             ,DRY                                               ,NONE                                              ,NO CONTROLS                                       ,DRIVEWAY                                          ,"TWO-WAY, NOT DIVIDED                              ",REAR TO REAR                                      ,COLLISION WITH PARKED MOTOR VEHICLE               ,OUTSIDE ROADWAY                                   ,25 ,N,0,0,0,0,4,0,0,0,0,0,0,,,,N,42.3923,-71.0919,4,250173501091013
19042490,2019-07-26 16:51:00,First Half (4PM - Midnight),"9 TEMPLE ST Somerville, MA",DAYLIGHT                                          ,CLEAR                                             ,DRY                                               ,NONE                                              ,NO CONTROLS                                       ,NOT AT INTERSECTION                               ,"TWO-WAY, NOT DIVIDED                              ",ANGLE                                             ,COLLISION WITH MOTOR VEHICLE IN TRAFFIC           ,ROADWAY                                           ,25 ,N,0,0,0,0,1,1,0,0,0,0,0,,,,N,42.3928,-71.0929,4,250173501091013
22055318,2022-09-28 12:27:00,Day Shift (8AM - 4PM),"299 BROADWAY Somerville, MA",DAYLIGHT                                          ,CLEAR                                             ,DRY                                               ,NONE                                              ,NO CONTROLS                                       ,NOT AT INTERSECTION                               ,"TWO-WAY, DIVIDED, POSITIVE MEDIAN BARRIER         ","SIDESWIPE, SAME DIRECTION                         ",COLLISION WITH PARKED MOTOR VEHICLE               ,ROADSIDE                                          ,25 ,N,0,0,0,0,4,0,0,0,0,0,0,,,,N,42.3923,-71.0919,4,250173501091013
23018623,2023-04-08 10:09:00,Day Shift (8AM - 4PM),"9 TEMPLE ST Somerville, MA",DAYLIGHT                                          ,CLEAR                                             ,DRY                                               ,NONE                                              ,NO CONTROLS                                       ,NOT AT INTERSECTION                               ,"TWO-WAY, NOT DIVIDED                              ",SINGLE VEHICLE CRASH                              ,COLLISION WITH PEDESTRIAN                         ,ROADWAY                                           ,20 ,N,0,0,1,0,4,0,0,1,1,0,0,NOT IN ROADWAY                                    ,"WALKING, RUNNING OR CYCLING                       ",PHYSICAL IMPAIRMENT                               ,N,42.3928,-71.0929,4,250173501091013
18046857,2018-08-07 12:49:00,Day Shift (8AM - 4PM),"313 BROADWAY Somerville, MA",DAYLIGHT                                          ,CLEAR                                             ,DRY                                               ,NONE                                              ,TRAFFIC CONTROL SIGNAL                            ,T-INTERSECTION                                    ,"TWO-WAY, DIVIDED, POSITIVE MEDIAN BARRIER         ",SINGLE VEHICLE CRASH                              ,COLLISION WITH LIGHT POLE OR OTHER POST/SUPPORT   ,ROADWAY                                           ,,,0,0,0,0,1,0,0,0,0,0,0,,,,N,42.3927,-71.093,4,250173501091013
24019531,2024-04-08 18:17:00,First Half (4PM - Midnight),"MCGRATH HWY & NA Somerville, MA",DUSK                                              ,CLEAR                                             ,DRY                                               ,NONE                                              ,NO CONTROLS                                       ,NOT AT INTERSECTION                               ,"TWO-WAY, DIVIDED, UNPROTECTED MEDIAN              ","SIDESWIPE, OPPOSITE DIRECTION                     ",COLLISION WITH MOTOR VEHICLE IN TRAFFIC           ,ROADWAY                                           ,25 ,N,0,0,1,0,2,0,0,0,0,0,0,,,,N,42.3929,-71.0857,4,250173501091014