Crash Number,Date and Time of Crash,Police Shift,Crash Location,Light Conditions,Weather Conditions,Road Surface,Road Contributing Circumstances,Traffic Control Device Type,Roadway Intersection Type,Trafficway Description,Manner of Collision,First Harmful Event,First Harmful Event Location,Speed Limit,Work Zone,Count Fatal Injury ,Count Suspected Serious Injury,Count Suspected Minor Injury ,Count Possible Injury,Count No Apparent Injury,Count Unknown Injury,Count Not Reported Injury,Total Non-Motorists,Pedestrian Involvement (Non-Motorist),Cyclist Involvement (Non-Motorist),Other Non-Motorist Involvement,Non-Motorist Location ,Non-Motorist Action,Non-Motorist Condition,Hit and Run Flag,Latitude,Longitude,Ward,Block Code 
23021701,2023-04-22 10:03:00,Day Shift (8AM - 4PM),"JASPER ST & PEARL ST Somerville, MA",DAYLIGHT                                          ,CLEAR                                             ,DRY                                               ,NONE                                              ,STOP SIGNS                                        ,T-INTERSECTION                                    ,"TWO-WAY, NOT DIVIDED                              ","SIDESWIPE, SAME DIRECTION                         ",COLLISION WITH MOTOR VEHICLE IN TRAFFIC           ,ROADWAY                                           ,20 ,N,0,0,0,0,3,0,0,0,0,0,0,,,,Y,42.3871,-71.0922,4,250173502011008
20061022,2020-12-18 10:08:00,Day Shift (8AM - 4PM),"PEARL ST & WALNUT ST Somerville, MA",DAYLIGHT                                          ,CLOUDY                                            ,SLUSH                                             ,NONE                                              ,TRAFFIC CONTROL SIGNAL                            ,T-INTERSECTION                                    ,"TWO-WAY, NOT DIVIDED                              ",ANGLE                                             ,COLLISION WITH MOTOR VEHICLE IN TRAFFIC           ,ROADWAY                                           ,25 ,N,0,0,0,0,6,0,0,0,0,0,0,,,,N,42.3874,-71.0932,4,250173502011008
23018555,2023-04-08 01:28:00,Last Half (Midnight - 8AM),"RADCLIFFE RD & WALNUT ST Somerville, MA",DARK - LIGHTED ROADWAY                            ,CLEAR                                             ,DRY                                               ,NONE                                              ,STOP SIGNS                                        ,T-INTERSECTION                                    ,"ONE-WAY, NOT DIVIDED                              ","SIDESWIPE, SAME DIRECTION                         ",COLLISION WITH PARKED MOTOR VEHICLE               ,ROADWAY                                           ,25 ,N,0,0,0,0,3,0,0,0,0,0,0,,,,N,42.3882,-71.0928,4,250173502011008
20008168,2020-02-12 21:58:00,First Half (4PM - Midnight),"PEARL ST & WALNUT ST Somerville, MA",DARK - LIGHTED ROADWAY                            ,CLEAR                                             ,DRY                                               ,NONE                                              ,NO CONTROLS                                       ,FOUR WAY INTERSECTION                             ,"ONE-WAY, NOT DIVIDED                              ","SIDESWIPE, SAME DIRECTION                         ",COLLISION WITH PARKED MOTOR VEHICLE               ,ROADSIDE                                          ,25 ,N,0,0,0,0,2,1,0,0,0,0,0,,,,N,42.3874,-71.0932,4,250173502011008
20036969,2020-07-29 19:07:00,First Half (4PM - Midnight),"209 PEARL ST Somerville, MA",DAYLIGHT                                          ,CLEAR                                             ,DRY                                               ,OBSTRUCTION IN ROADWAY                            ,NO CONTROLS                                       ,NOT AT INTERSECTION                               ,"TWO-WAY, NOT DIVIDED                              ",SINGLE VEHICLE CRASH                              ,OTHER                                             ,ROADWAY                                           ,25 ,N,0,0,0,0,2,0,0,0,0,0,0,,,,N,42.3874,-71.0928,4,250173502011008
23006812,2023-02-06 22:45:00,First Half (4PM - Midnight),"JASPER ST & PEARL ST Somerville, MA",DARK - LIGHTED ROADWAY                            ,CLEAR                                             ,DRY                                               ,NONE                                              ,NO CONTROLS                                       ,T-INTERSECTION                                    ,"TWO-WAY, NOT DIVIDED                              ",ANGLE                                             ,COLLISION WITH MOTOR VEHICLE IN TRAFFIC           ,ROADWAY                                           ,25 ,N,0,0,0,0,3,0,0,0,0,0,0,,,,N,42.3871,-71.0922,4,250173502011008
19040249,2019-07-15 23:09:00,First Half (4PM - Midnight),"PEARL ST & WALNUT ST Somerville, MA",DARK - LIGHTED ROADWAY                            ,CLEAR                                             ,DRY                                               ,UNKNOWN                                           ,TRAFFIC CONTROL SIGNAL                            ,T-INTERSECTION                                    ,"ONE-WAY, NOT DIVIDED                              ","SIDESWIPE, SAME DIRECTION                         ",COLLISION WITH MOTOR VEHICLE IN TRAFFIC           ,ROADWAY                                           ,25 ,N,0,0,0,0,3,0,0,1,0,1,0,AT INTERSECTION BUT NO CROSSWALK                  ,STANDING                                          ,APPARENTLY NORMAL                                 ,Y,42.3874,-71.0932,4,250173502011008
24014954,2024-03-16 20:59:00,First Half (4PM - Midnight),"PEARL ST & WALNUT ST Somerville, MA",DARK - LIGHTED ROADWAY                            ,CLEAR                                             ,DRY                                               ,NONE                                              ,TRAFFIC CONTROL SIGNAL                            ,T-INTERSECTION                                    ,"TWO-WAY, NOT DIVIDED                              ",ANGLE                                             ,COLLISION WITH MOTOR VEHICLE IN TRAFFIC           ,ROADWAY                                           ,25 ,N,0,0,0,0,4,0,0,0,0,0,0,,,,N,42.3874,-71.0932,4,250173502011008
21006477,2021-02-04 09:42:00,Day Shift (8AM - 4PM),"135 WALNUT ST Somerville, MA",DAYLIGHT                                          ,CLEAR                                             ,DRY                                               ,NONE                                              ,NO CONTROLS                                       ,NOT AT INTERSECTION                               ,"ONE-WAY, NOT DIVIDED                              ","SIDESWIPE, SAME DIRECTION                         ",COLLISION WITH PARKED MOTOR VEHICLE               ,ROADSIDE                                          ,25 ,N,0,0,0,0,2,0,0,0,0,0,0,,,,N,42.3884,-71.0922,4,250173502011008
21015683,2021-03-28 10:34:00,Day Shift (8AM - 4PM),"201 PEARL ST Somerville, MA",DAYLIGHT                                          ,CLEAR                                             ,DRY                                               ,NONE                                              ,TRAFFIC CONTROL SIGNAL                            ,FOUR WAY INTERSECTION                             ,"TWO-WAY, NOT DIVIDED                              ",HEAD ON                                           ,COLLISION WITH MOTOR VEHICLE IN TRAFFIC           ,ROADWAY                                           ,25 ,N,0,0,0,0,2,0,0,0,0,0,0,,,,Y,42.3872,-71.0922,4,250173502011008
22016639,2022-03-29 11:50:00,Day Shift (8AM - 4PM),"209 PEARL ST Somerville, MA",DAYLIGHT                                          ,CLEAR                                             ,DRY                                               ,NONE                                              ,TRAFFIC CONTROL SIGNAL                            ,T-INTERSECTION                                    ,"TWO-WAY, NOT DIVIDED                              ","SIDESWIPE, SAME DIRECTION                         ",COLLISION WITH MOTOR VEHICLE IN TRAFFIC           ,ROADWAY                                           ,20 ,N,0,0,0,0,4,0,0,0,0,0,0,,,,N,42.3874,-71.0928,4,250173502011008
24015181,2024-03-18 09:37:00,Day Shift (8AM - 4PM),"PEARL ST & WALNUT ST Somerville, MA",DAYLIGHT                                          ,CLEAR                                             ,DRY                                               ,NONE                                              ,TRAFFIC CONTROL SIGNAL                            ,FOUR WAY INTERSECTION                             ,"TWO-WAY, NOT DIVIDED                              ",ANGLE                                             ,COLLISION WITH MOTOR VEHICLE IN TRAFFIC           ,ROADWAY                                           ,25 ,N,0,0,0,0,2,0,0,0,0,0,0,,,,N,42.3874,-71.0932,4,250173502011008
23072645,2023-12-18 09:01:00,Day Shift (8AM - 4PM),"PEARL ST & WALNUT ST Somerville, MA",DAYLIGHT                                          ,RAIN                                              ,WET                                               ,NONE                                              ,TRAFFIC CONTROL SIGNAL                            ,FOUR WAY INTERSECTION                             ,"TWO-WAY, NOT DIVIDED                              ","SIDESWIPE, SAME DIRECTION                         ",COLLISION WITH PARKED MOTOR VEHICLE               ,ROADSIDE                                          ,25 ,N,0,0,0,0,2,0,0,0,0,0,0,,,,N,42.3874,-71.0932,4,250173502011008
20023711,2020-05-07 18:07:00,First Half (4PM - Midnight),"131 WALNUT STREET Somerville, MA",DAYLIGHT                                          ,CLEAR                                             ,DRY                                               ,NONE                                              ,STOP SIGNS                                        ,NOT AT INTERSECTION                               ,"ONE-WAY, NOT DIVIDED                              ",ANGLE                                             ,COLLISION WITH MOTOR VEHICLE IN TRAFFIC           ,ROADWAY                                           ,25 ,N,0,0,0,0,4,0,0,0,0,0,0,,,,N,42.3882,-71.0924,4,250173502011008
19055377,2019-09-26 07:47:00,Last Half (Midnight - 8AM),"PEARL ST & WALNUT ST Somerville, MA",DAYLIGHT                                          ,CLEAR                                             ,DRY                                               ,NONE                                              ,TRAFFIC CONTROL SIGNAL                            ,FOUR WAY INTERSECTION                             ,"TWO-WAY, NOT DIVIDED                              ",ANGLE                                             ,COLLISION WITH PEDALCYCLE                         ,ROADWAY                                           ,25 ,N,0,0,1,0,2,0,0,1,0,1,0,IN ROADWAY                                        ,ENTERING OR CROSSING SPECIFIED LOCATION           ,APPARENTLY NORMAL                                 ,N,42.3874,-71.0932,4,250173502011008
23051978,2023-09-10 16:50:00,First Half (4PM - Midnight),"11 GILMAN TER Somerville, MA",DUSK                                              ,RAIN                                              ,WET                                               ,NONE                                              ,NO CONTROLS                                       ,NOT AT INTERSECTION                               ,"TWO-WAY, NOT DIVIDED                              ",ANGLE                                             ,COLLISION WITH PARKED MOTOR VEHICLE               ,ROADWAY                                           ,25 ,N,0,0,1,0,4,0,0,0,0,0,0,,,,N,42.3875,-71.0921,4,250173502011008
19059766,2019-10-17 17:24:00,First Half (4PM - Midnight),"PEARL ST & WALNUT ST Somerville, MA",DUSK                                              ,CLOUDY                                            ,WET                                               ,NONE                                              ,TRAFFIC CONTROL SIGNAL                            ,T-INTERSECTION                                    ,"ONE-WAY, NOT DIVIDED                              ",HEAD ON                                           ,COLLISION WITH MOTOR VEHICLE IN TRAFFIC           ,ROADWAY                                           ,25 ,N,0,0,1,0,3,0,0,1,0,1,0,IN ROADWAY                                        ,ENTERING OR CROSSING SPECIFIED LOCATION           ,APPARENTLY NORMAL                                 ,N,42.3874,-71.0932,4,250173502011008
23055348,2023-09-26 23:00:00,First Half (4PM - Midnight),"34 MARSHALL ST Somerville, MA",DARK - ROADWAY NOT LIGHTED                        ,CLEAR                                             ,DRY                                               ,NONE                                              ,NO CONTROLS                                       ,NOT AT INTERSECTION                               ,"ONE-WAY, NOT DIVIDED                              ","SIDESWIPE, OPPOSITE DIRECTION                     ",COLLISION WITH PARKED MOTOR VEHICLE               ,ROADWAY                                           ,20 ,N,0,0,0,0,3,0,0,0,0,0,0,,,,N,42.3911,-71.0935,4,250173502012000
20019184,2020-04-12 01:11:00,Last Half (Midnight - 8AM),"1 HOWE ST Somerville, MA",DARK - LIGHTED ROADWAY                            ,CLEAR                                             ,DRY                                               ,NONE                                              ,NO CONTROLS                                       ,NOT AT INTERSECTION                               ,"TWO-WAY, NOT DIVIDED                              ",SINGLE VEHICLE CRASH                              ,COLLISION WITH PARKED MOTOR VEHICLE               ,ROADWAY                                           ,25 ,N,0,0,0,0,2,0,0,0,0,0,0,,,,Y,42.3897,-71.0949,4,250173502012001
23074162,2023-12-25 23:24:00,First Half (4PM - Midnight),"21 HOWE ST Somerville, MA",DARK - LIGHTED ROADWAY                            ,"FOG, SMOG, SMOKE                                  ",WET                                               ,NONE                                              ,NO CONTROLS                                       ,NOT AT INTERSECTION                               ,"ONE-WAY, NOT DIVIDED                              ",ANGLE                                             ,COLLISION WITH PARKED MOTOR VEHICLE               ,ROADWAY                                           ,20 ,N,0,0,0,0,3,0,0,0,0,0,0,,,,N,42.3901,-71.0959,4,250173502012001
22055510,2022-09-29 09:11:00,Day Shift (8AM - 4PM),"22 MAPLE AV Somerville, MA",DAYLIGHT                                          ,CLEAR                                             ,DRY                                               ,NONE                                              ,NO CONTROLS                                       ,NOT AT INTERSECTION                               ,"TWO-WAY, NOT DIVIDED                              ",ANGLE                                             ,COLLISION WITH PARKED MOTOR VEHICLE               ,ROADSIDE                                          ,25 ,N,0,0,0,0,3,0,0,0,0,0,0,,,,N,42.3904,-71.0957,4,250173502012001
18056285,2018-09-20 16:03:00,First Half (4PM - Midnight),"47 MARSHALL ST Somerville, MA",DAYLIGHT                                          ,CLEAR                                             ,DRY                                               ,NONE                                              ,NO CONTROLS                                       ,NOT AT INTERSECTION                               ,"ONE-WAY, NOT DIVIDED                              ",ANGLE                                             ,COLLISION WITH MOTOR VEHICLE IN TRAFFIC           ,ROADWAY                                           ,,,0,0,0,0,2,0,0,0,0,0,0,,,,N,42.3905,-71.0944,4,250173502012001
19035382,2019-06-23 16:42:00,First Half (4PM - Midnight),"1 HOWE ST Somerville, MA",DAYLIGHT                                          ,CLEAR                                             ,DRY                                               ,NONE                                              ,NO CONTROLS                                       ,NOT AT INTERSECTION                               ,"ONE-WAY, NOT DIVIDED                              ","SIDESWIPE, SAME DIRECTION                         ",COLLISION WITH PARKED MOTOR VEHICLE               ,ROADWAY                                           ,25 ,N,0,0,0,0,1,0,0,0,0,0,0,,,,N,42.3897,-71.0949,4,250173502012001
21039221,2021-07-29 19:18:00,First Half (4PM - Midnight),"MARSHALL ST & RADCLIFFE RD Somerville, MA",DAYLIGHT                                          ,RAIN                                              ,WET                                               ,NONE                                              ,NO CONTROLS                                       ,T-INTERSECTION                                    ,"ONE-WAY, NOT DIVIDED                              ",ANGLE                                             ,COLLISION WITH PEDALCYCLE                         ,ROADWAY                                           ,25 ,N,0,0,0,1,1,0,0,1,0,1,0,SHARED-USE PATH OR TRAILS                         ,ENTERING OR CROSSING SPECIFIED LOCATION           ,APPARENTLY NORMAL                                 ,N,42.3894,-71.095,4,250173502012002
22068802,2022-12-05 17:34:00,First Half (4PM - Midnight),"193 SCHOOL ST Somerville, MA",DARK - LIGHTED ROADWAY                            ,CLEAR                                             ,DRY                                               ,NONE                                              ,NO CONTROLS                                       ,NOT AT INTERSECTION                               ,"TWO-WAY, NOT DIVIDED                              ",HEAD ON                                           ,COLLISION WITH MOTOR VEHICLE IN TRAFFIC           ,ROADWAY                                           ,20 ,N,0,0,0,0,4,0,0,0,0,0,0,,,,N,42.3898,-71.0965,4,250173502012002
22000950,2022-01-07 10:15:00,Day Shift (8AM - 4PM),"75 MARSHALL ST Somerville, MA",DAYLIGHT                                          ,SNOW                                              ,SNOW                                              ,ROAD SURFACE CONDITION                            ,NO CONTROLS                                       ,UNKNOWN                                           ,"ONE-WAY, NOT DIVIDED                              ",ANGLE                                             ,COLLISION WITH PARKED MOTOR VEHICLE               ,ROADWAY                                           ,25 ,N,0,0,0,0,3,0,0,0,0,0,0,,,,N,42.3893,-71.0953,4,250173502012002
19065334,2019-11-15 08:02:00,Day Shift (8AM - 4PM),"BRADLEY ST & PEARL ST Somerville, MA",DAYLIGHT                                          ,CLEAR                                             ,DRY                                               ,TRAFFIC CONGESTION RELATED                        ,NO CONTROLS                                       ,T-INTERSECTION                                    ,"TWO-WAY, NOT DIVIDED                              ","SIDESWIPE, SAME DIRECTION                         ",COLLISION WITH MOTOR VEHICLE IN TRAFFIC           ,ROADWAY                                           ,25 ,N,0,0,0,0,4,0,0,0,0,0,0,,,,N,42.3878,-71.0948,4,250173502012003
19052265,2019-09-11 08:16:00,Day Shift (8AM - 4PM),"249 PEARL ST Somerville, MA",DAYLIGHT                                          ,CLEAR                                             ,DRY                                               ,NONE                                              ,NO CONTROLS                                       ,NOT AT INTERSECTION                               ,"TWO-WAY, DIVIDED, UNPROTECTED MEDIAN              ",REAR-END                                          ,COLLISION WITH MOTOR VEHICLE IN TRAFFIC           ,ROADWAY                                           ,20 ,N,0,0,0,0,4,1,0,0,0,0,0,,,,Y,42.3882,-71.0955,4,250173502012003
19071544,2019-12-18 14:50:00,Day Shift (8AM - 4PM),"227 PEARL ST Somerville, MA",DAYLIGHT                                          ,CLEAR                                             ,WET                                               ,NONE                                              ,NO CONTROLS                                       ,NOT AT INTERSECTION                               ,"TWO-WAY, NOT DIVIDED                              ",REAR-END                                          ,COLLISION WITH PARKED MOTOR VEHICLE               ,ROADWAY                                           ,30 ,N,0,0,0,0,2,0,0,0,0,0,0,,,,Y,42.3878,-71.094,4,250173502012004
24015308,2024-03-18 20:24:00,First Half (4PM - Midnight),"134 WALNUT ST Somerville, MA",DARK - LIGHTED ROADWAY                            ,CLEAR                                             ,DRY                                               ,NONE                                              ,NO CONTROLS                                       ,NOT AT INTERSECTION                               ,"ONE-WAY, NOT DIVIDED                              ","SIDESWIPE, SAME DIRECTION                         ",COLLISION WITH PARKED MOTOR VEHICLE               ,ROADWAY                                           ,25 ,N,0,0,0,0,1,0,0,0,0,0,0,,,,N,42.3887,-71.0927,4,250173502012005
22014466,2022-03-19 01:27:00,Last Half (Midnight - 8AM),"5 RADCLIFFE Somerville, MA",DARK - LIGHTED ROADWAY                            ,CLEAR                                             ,DRY                                               ,NONE                                              ,NO CONTROLS                                       ,NOT AT INTERSECTION                               ,"TWO-WAY, NOT DIVIDED                              ",SINGLE VEHICLE CRASH                              ,COLLISION WITH PARKED MOTOR VEHICLE               ,SHOULDER - TRAVEL LANE                            ,25 ,N,0,0,0,0,4,0,0,0,0,0,0,,,,N,42.3884,-71.093,4,250173502012005
23013718,2023-03-17 02:28:00,Last Half (Midnight - 8AM),"130 WALNUT ST Somerville, MA",DARK - LIGHTED ROADWAY                            ,CLEAR                                             ,DRY                                               ,NONE                                              ,NO CONTROLS                                       ,NOT AT INTERSECTION                               ,"ONE-WAY, NOT DIVIDED                              ","SIDESWIPE, SAME DIRECTION                         ",COLLISION WITH PARKED MOTOR VEHICLE               ,ROADWAY                                           ,20 ,N,0,0,1,0,4,0,0,0,0,0,0,,,,N,42.3884,-71.0929,4,250173502012005
18059189,2018-10-04 08:56:00,Day Shift (8AM - 4PM),"BRADLEY ST & RADCLIFFE RD Somerville, MA",DAYLIGHT                                          ,CLEAR                                             ,DRY                                               ,NONE                                              ,STOP SIGNS                                        ,FOUR WAY INTERSECTION                             ,"TWO-WAY, NOT DIVIDED                              ","SIDESWIPE, SAME DIRECTION                         ",COLLISION WITH PARKED MOTOR VEHICLE               ,ROADWAY                                           ,25 ,N,0,0,0,0,2,0,0,0,0,0,0,,,,N,42.3889,-71.0941,4,250173502012005
21008447,2021-02-17 09:22:00,Day Shift (8AM - 4PM),"BRADLEY ST & RADCLIFFE RD Somerville, MA",DAYLIGHT                                          ,CLEAR                                             ,DRY                                               ,NONE                                              ,STOP SIGNS                                        ,FOUR WAY INTERSECTION                             ,"TWO-WAY, NOT DIVIDED                              ",HEAD ON                                           ,COLLISION WITH MOTOR VEHICLE IN TRAFFIC           ,ROADWAY                                           ,20 ,N,0,0,0,0,2,0,0,0,0,0,0,,,,N,42.3889,-71.0941,4,250173502012005
20025145,2020-05-16 17:52:00,First Half (4PM - Midnight),"JACKSON RD & WALNUT ST Somerville, MA",DUSK                                              ,CLEAR                                             ,DRY                                               ,NONE                                              ,NO CONTROLS                                       ,T-INTERSECTION                                    ,UNKNOWN                                           ,"SIDESWIPE, SAME DIRECTION                         ",COLLISION WITH MOTOR VEHICLE IN TRAFFIC           ,ROADWAY                                           ,25 ,N,0,0,0,0,3,0,0,0,0,0,0,,,,N,42.389,-71.0922,4,250173502012005
22070855,2022-12-17,Day Shift (8AM - 4PM),"136 WALNUT ST Somerville, MA",DARK - LIGHTED ROADWAY                            ,RAIN                                              ,WET                                               ,NONE                                              ,NO CONTROLS                                       ,NOT AT INTERSECTION                               ,"ONE-WAY, NOT DIVIDED                              ","SIDESWIPE, SAME DIRECTION                         ",COLLISION WITH PARKED MOTOR VEHICLE               ,ROADWAY                                           ,25 ,N,0,0,1,0,1,0,0,0,0,0,0,,,,N,42.3888,-71.0926,4,250173502012005
20035423,2020-07-19 01:39:00,Last Half (Midnight - 8AM),"215 PEARL ST Somerville, MA",DARK - LIGHTED ROADWAY                            ,CLEAR                                             ,DRY                                               ,NONE                                              ,TRAFFIC CONTROL SIGNAL                            ,NOT AT INTERSECTION                               ,"TWO-WAY, NOT DIVIDED                              ",HEAD ON                                           ,COLLISION WITH TREE                               ,OUTSIDE ROADWAY                                   ,25 ,N,0,0,1,0,0,0,0,0,0,0,0,,,,N,42.3876,-71.0933,4,250173502012006
20062863,2020-12-30 13:18:00,Day Shift (8AM - 4PM),"300 BROADWAY Somerville, MA",DAYLIGHT                                          ,CLEAR                                             ,DRY                                               ,NONE                                              ,NO CONTROLS                                       ,NOT AT INTERSECTION                               ,"ONE-WAY, NOT DIVIDED                              ",SINGLE VEHICLE CRASH                              ,OTHER                                             ,ROADWAY                                           ,20 ,N,0,0,0,0,0,1,0,0,0,0,0,,,,Y,42.3921,-71.093,4,250173502013000
21030403,2021-06-16 13:59:00,Day Shift (8AM - 4PM),"300 BROADWAY Somerville, MA",DAYLIGHT                                          ,CLEAR                                             ,DRY                                               ,NONE                                              ,TRAFFIC CONTROL SIGNAL                            ,T-INTERSECTION                                    ,"TWO-WAY, DIVIDED, UNPROTECTED MEDIAN              ",SINGLE VEHICLE CRASH                              ,COLLISION WITH MOTOR VEHICLE IN TRAFFIC           ,ROADWAY                                           ,25 ,N,0,0,0,1,3,0,0,0,0,0,0,,,,N,42.3921,-71.093,4,250173502013000
21010935,2021-03-03 09:30:00,Day Shift (8AM - 4PM),"292 BROADWAY Somerville, MA",DAYLIGHT                                          ,CLEAR                                             ,DRY                                               ,NONE                                              ,NO CONTROLS                                       ,NOT AT INTERSECTION                               ,"TWO-WAY, DIVIDED, POSITIVE MEDIAN BARRIER         ",REAR-END                                          ,COLLISION WITH MOTOR VEHICLE IN TRAFFIC           ,ROADWAY                                           ,25 ,N,0,0,0,0,2,0,0,0,0,0,0,,,,N,42.3919,-71.0926,4,250173502013000
18071139,2018-12-02 03:25:00,Last Half (Midnight - 8AM),"284 BROADWAY Somerville, MA",DARK - LIGHTED ROADWAY                            ,RAIN                                              ,WET                                               ,NONE                                              ,NO CONTROLS                                       ,FOUR WAY INTERSECTION                             ,"TWO-WAY, DIVIDED, POSITIVE MEDIAN BARRIER         ",SINGLE VEHICLE CRASH                              ,COLLISION WITH MEDIAN BARRIER                     ,MEDIAN                                            ,30 ,N,0,0,1,0,1,0,0,0,0,0,0,,,,N,42.3917,-71.0922,4,250173502013000
22019034,2022-04-09 20:33:00,First Half (4PM - Midnight),"284 BROADWAY Somerville, MA",DARK - LIGHTED ROADWAY                            ,CLEAR                                             ,DRY                                               ,NONE                                              ,NO CONTROLS                                       ,NOT AT INTERSECTION                               ,"TWO-WAY, DIVIDED, UNPROTECTED MEDIAN              ",ANGLE                                             ,COLLISION WITH PARKED MOTOR VEHICLE               ,ROADWAY                                           ,25 ,N,0,0,0,0,2,0,0,0,0,0,0,,,,N,42.3917,-71.0922,4,250173502013000
19055830,2019-09-28 08:28:00,Day Shift (8AM - 4PM),"284 BROADWAY Somerville, MA",DAYLIGHT                                          ,CLEAR                                             ,DRY                                               ,NONE                                              ,TRAFFIC CONTROL SIGNAL                            ,NOT AT INTERSECTION                               ,UNKNOWN                                           ,REAR-END                                          ,COLLISION WITH MOTOR VEHICLE IN TRAFFIC           ,UNKNOWN                                           ,30 ,N,0,0,0,0,3,0,0,0,0,0,0,,,,N,42.3917,-71.0922,4,250173502013000
23025782,2023-05-11 11:07:00,Day Shift (8AM - 4PM),"300 BROADWAY Somerville, MA",DAYLIGHT                                          ,CLEAR                                             ,DRY                                               ,NONE                                              ,NO CONTROLS                                       ,NOT AT INTERSECTION                               ,"TWO-WAY, NOT DIVIDED                              ",REAR TO REAR                                      ,COLLISION WITH PARKED MOTOR VEHICLE               ,ROADWAY                                           ,25 ,N,0,0,0,0,4,0,0,0,0,0,0,,,,N,42.3921,-71.093,4,250173502013000
22051970,2022-09-13 17:56:00,First Half (4PM - Midnight),"296 BROADWAY Somerville, MA",DAYLIGHT                                          ,CLEAR                                             ,DRY                                               ,NONE                                              ,NO CONTROLS                                       ,NOT AT INTERSECTION                               ,"TWO-WAY, DIVIDED, POSITIVE MEDIAN BARRIER         ","SIDESWIPE, SAME DIRECTION                         ",COLLISION WITH PEDALCYCLE                         ,ROADWAY                                           ,25 ,N,0,0,0,0,1,0,0,0,0,0,0,,,,N,42.3919,-71.0926,4,250173502013000
18043554,2018-07-22 16:19:00,First Half (4PM - Midnight),"294 BROADWAY Somerville, MA",DAYLIGHT                                          ,CLOUDY                                            ,WET                                               ,NONE                                              ,NO CONTROLS                                       ,NOT AT INTERSECTION                               ,"TWO-WAY, DIVIDED, POSITIVE MEDIAN BARRIER         ",REAR-END                                          ,COLLISION WITH MOTOR VEHICLE IN TRAFFIC           ,ROADWAY                                           ,30 ,N,0,0,0,1,0,0,0,0,0,0,0,,,,Y,42.3919,-71.0926,4,250173502013000
21001017,2021-01-08 08:41:00,Day Shift (8AM - 4PM),"282 BROADWAY Somerville, MA",DAYLIGHT                                          ,CLEAR                                             ,DRY                                               ,NONE                                              ,NO CONTROLS                                       ,NOT AT INTERSECTION                               ,"TWO-WAY, DIVIDED, UNPROTECTED MEDIAN              ",REAR-END                                          ,COLLISION WITH MOTOR VEHICLE IN TRAFFIC           ,ROADWAY                                           ,25 ,N,0,0,0,1,4,0,0,0,0,0,0,,,,N,42.3915,-71.0919,4,250173502013001
23018837,2023-04-09 14:32:00,Day Shift (8AM - 4PM),"280 BROADWAY Somerville, MA",DAYLIGHT                                          ,CLEAR                                             ,DRY                                               ,NONE                                              ,NO CONTROLS                                       ,NOT AT INTERSECTION                               ,"TWO-WAY, DIVIDED, UNPROTECTED MEDIAN              ",SINGLE VEHICLE CRASH                              ,COLLISION WITH PEDESTRIAN                         ,ROADWAY                                           ,25 ,N,0,0,1,0,2,0,0,1,1,0,0,IN ROADWAY                                        ,"WALKING, RUNNING OR CYCLING                       ",APPARENTLY NORMAL                                 ,N,42.3913,-71.0918,4,250173502013001
23054806,2023-09-24 00:53:00,Last Half (Midnight - 8AM),"SARGENT AV & NA Somerville, MA",DARK - LIGHTED ROADWAY                            ,RAIN                                              ,WET                                               ,NONE                                              ,NO CONTROLS                                       ,NOT AT INTERSECTION                               ,"TWO-WAY, NOT DIVIDED                              ","SIDESWIPE, SAME DIRECTION                         ",COLLISION WITH PARKED MOTOR VEHICLE               ,ROADWAY                                           ,25 ,N,0,0,0,0,4,0,0,0,0,0,0,,,,Y,42.3906,-71.0933,4,250173502013001
19034329,2019-06-18 16:46:00,First Half (4PM - Midnight),"282 BROADWAY Somerville, MA",DAYLIGHT                                          ,RAIN                                              ,WET                                               ,NONE                                              ,NO CONTROLS                                       ,NOT AT INTERSECTION                               ,"TWO-WAY, DIVIDED, POSITIVE MEDIAN BARRIER         ",ANGLE                                             ,COLLISION WITH PARKED MOTOR VEHICLE               ,ROADWAY                                           ,30 ,N,0,0,0,0,6,1,0,0,0,0,0,,,,N,42.3915,-71.0919,4,250173502013001
23012340,2023-03-09 15:18:00,Day Shift (8AM - 4PM),"266 BROADWAY Somerville, MA",DAYLIGHT                                          ,CLEAR                                             ,DRY                                               ,NONE                                              ,NO CONTROLS                                       ,NOT AT INTERSECTION                               ,"TWO-WAY, DIVIDED, UNPROTECTED MEDIAN              ",REAR-END                                          ,COLLISION WITH MOTOR VEHICLE IN TRAFFIC           ,ROADWAY                                           ,25 ,N,0,0,0,0,4,0,0,0,0,0,0,,,,N,42.3908,-71.0912,4,250173502013002
18065351,2018-11-03 10:50:00,Day Shift (8AM - 4PM),"266 BROADWAY Somerville, MA",DARK - LIGHTED ROADWAY                            ,RAIN                                              ,WET                                               ,NONE                                              ,STOP SIGNS                                        ,T-INTERSECTION                                    ,"TWO-WAY, DIVIDED, POSITIVE MEDIAN BARRIER         ",ANGLE                                             ,COLLISION WITH MOTOR VEHICLE IN TRAFFIC           ,ROADWAY                                           ,30 ,N,0,0,0,0,3,0,0,0,0,0,0,,,,N,42.3908,-71.0912,4,250173502013002
20010117,2020-02-22 23:10:00,First Half (4PM - Midnight),"98 KENNESON RD Somerville, MA",DARK - LIGHTED ROADWAY                            ,CLEAR                                             ,DRY                                               ,NONE                                              ,NO CONTROLS                                       ,UNKNOWN                                           ,"TWO-WAY, NOT DIVIDED                              ",SINGLE VEHICLE CRASH                              ,COLLISION WITH PARKED MOTOR VEHICLE               ,ROADWAY                                           ,20 ,N,0,0,0,0,3,0,0,0,0,0,0,,,,N,42.3904,-71.0922,4,250173502013002