Crash Number,Date and Time of Crash,Police Shift,Crash Location,Light Conditions,Weather Conditions,Road Surface,Road Contributing Circumstances,Traffic Control Device Type,Roadway Intersection Type,Trafficway Description,Manner of Collision,First Harmful Event,First Harmful Event Location,Speed Limit,Work Zone,Count Fatal Injury ,Count Suspected Serious Injury,Count Suspected Minor Injury ,Count Possible Injury,Count No Apparent Injury,Count Unknown Injury,Count Not Reported Injury,Total Non-Motorists,Pedestrian Involvement (Non-Motorist),Cyclist Involvement (Non-Motorist),Other Non-Motorist Involvement,Non-Motorist Location ,Non-Motorist Action,Non-Motorist Condition,Hit and Run Flag,Latitude,Longitude,Ward,Block Code 
21021858,2021-05-02 16:27:00,First Half (4PM - Midnight),"14 MCGRATH HWY Somerville, MA",DAYLIGHT                                          ,CLEAR                                             ,DRY                                               ,NONE                                              ,NO CONTROLS                                       ,NOT AT INTERSECTION                               ,UNKNOWN                                           ,UNKNOWN                                           ,COLLISION WITH MOTOR VEHICLE IN TRAFFIC           ,OUTSIDE ROADWAY                                   ,20 ,Y,0,0,0,0,1,0,0,0,0,0,0,,,,Y,42.3746,-71.085,2,250173515001007
18034120,2018-06-08 11:32:00,Day Shift (8AM - 4PM),"14 MCGRATH HWY Somerville, MA",DAYLIGHT                                          ,CLEAR                                             ,DRY                                               ,NONE                                              ,NO CONTROLS                                       ,NOT AT INTERSECTION                               ,"TWO-WAY, NOT DIVIDED                              ","SIDESWIPE, OPPOSITE DIRECTION                     ",COLLISION WITH MOTOR VEHICLE IN TRAFFIC           ,ROADWAY                                           ,10 ,N,0,0,0,0,2,0,0,0,0,0,0,,,,N,42.3746,-71.085,2,250173515001007
23074811,2023-12-29 08:54:00,Day Shift (8AM - 4PM),"14 MCGRATH HWY Somerville, MA",DAYLIGHT                                          ,CLOUDY                                            ,OTHER                                             ,NONE                                              ,NO CONTROLS                                       ,NOT AT INTERSECTION                               ,"TWO-WAY, NOT DIVIDED                              ",ANGLE                                             ,COLLISION WITH MOTOR VEHICLE IN TRAFFIC           ,OUTSIDE ROADWAY                                   ,20 ,N,0,0,0,0,3,1,0,0,0,0,0,,,,N,42.3746,-71.085,2,250173515001007
22011661,2022-03-06 13:07:00,Day Shift (8AM - 4PM),"22 MCGRATH HWY Somerville, MA",DAYLIGHT                                          ,CLEAR                                             ,DRY                                               ,NONE                                              ,NO CONTROLS                                       ,NOT AT INTERSECTION                               ,"TWO-WAY, DIVIDED, POSITIVE MEDIAN BARRIER         ",SINGLE VEHICLE CRASH                              ,COLLISION WITH LIGHT POLE OR OTHER POST/SUPPORT   ,MEDIAN                                            ,15 ,N,0,0,0,0,2,0,0,0,0,0,0,,,,N,42.3746,-71.085,2,250173515001007
19020841,2019-04-16 16:40:00,First Half (4PM - Midnight),"14 MCGRATH HWY Somerville, MA",DAYLIGHT                                          ,CLEAR                                             ,DRY                                               ,NONE                                              ,NO CONTROLS                                       ,NOT AT INTERSECTION                               ,"TWO-WAY, NOT DIVIDED                              ",HEAD ON                                           ,COLLISION WITH PEDESTRIAN                         ,ROADWAY                                           ,10 ,N,0,1,0,0,2,0,0,1,1,0,0,NOT IN ROADWAY                                    ,"WALKING, RUNNING OR CYCLING                       ",UNKNOWN                                           ,N,42.3746,-71.085,2,250173515001007
23028583,2023-05-24 07:37:00,Last Half (Midnight - 8AM),"14 MCGRATH HWY Somerville, MA",DAYLIGHT                                          ,CLEAR                                             ,DRY                                               ,NONE                                              ,NO CONTROLS                                       ,NOT AT INTERSECTION                               ,"TWO-WAY, NOT DIVIDED                              ",SINGLE VEHICLE CRASH                              ,COLLISION WITH LIGHT POLE OR OTHER POST/SUPPORT   ,OUTSIDE ROADWAY                                   ,15 ,N,0,0,0,0,2,0,0,0,0,0,0,,,,N,42.3746,-71.085,2,250173515001007
22068640,2022-12-04 20:18:00,First Half (4PM - Midnight),"14 MCGRATH HWY Somerville, MA",DARK - LIGHTED ROADWAY                            ,CLEAR                                             ,DRY                                               ,NONE                                              ,NO CONTROLS                                       ,NOT AT INTERSECTION                               ,"TWO-WAY, DIVIDED, UNPROTECTED MEDIAN              ",SINGLE VEHICLE CRASH                              ,COLLISION WITH PEDESTRIAN                         ,ROADWAY                                           ,5  ,N,0,0,1,0,2,0,0,1,1,0,0,UNKNOWN                                           ,ENTERING OR CROSSING SPECIFIED LOCATION           ,APPARENTLY NORMAL                                 ,N,42.3746,-71.085,2,250173515001007
22060128,2022-10-20 08:44:00,Day Shift (8AM - 4PM),"14 MCGRATH HWY Somerville, MA",DAYLIGHT                                          ,CLEAR                                             ,DRY                                               ,NONE                                              ,NO CONTROLS                                       ,UNKNOWN                                           ,UNKNOWN                                           ,SINGLE VEHICLE CRASH                              ,OTHER                                             ,OUTSIDE ROADWAY                                   ,25 ,N,0,0,0,0,2,0,0,0,0,0,0,,,,N,42.3746,-71.085,2,250173515001007
20056165,2020-11-19 11:09:00,Day Shift (8AM - 4PM),"14 MCGRATH HWY Somerville, MA",DAYLIGHT                                          ,CLEAR                                             ,DRY                                               ,NONE                                              ,NO CONTROLS                                       ,DRIVEWAY                                          ,"ONE-WAY, NOT DIVIDED                              ",SINGLE VEHICLE CRASH                              ,COLLISION WITH LIGHT POLE OR OTHER POST/SUPPORT   ,ROADWAY                                           ,5  ,N,0,0,0,0,2,1,0,0,0,0,0,,,,Y,42.3746,-71.085,2,250173515001007
20023481,2020-05-06 14:59:00,Day Shift (8AM - 4PM),"14 MCGRATH HWY Somerville, MA",DAYLIGHT                                          ,CLEAR                                             ,DRY                                               ,NONE                                              ,NO CONTROLS                                       ,NOT AT INTERSECTION                               ,"TWO-WAY, DIVIDED, UNPROTECTED MEDIAN              ",SINGLE VEHICLE CRASH                              ,COLLISION WITH PEDESTRIAN                         ,UNKNOWN                                           ,25 ,N,0,0,0,0,2,0,0,1,1,0,0,IN ROADWAY                                        ,ENTERING OR CROSSING SPECIFIED LOCATION           ,UNKNOWN                                           ,N,42.3746,-71.085,2,250173515001007
21050580,2021-09-25 14:54:00,Day Shift (8AM - 4PM),"14 MCGRATH HWY Somerville, MA",DAYLIGHT                                          ,CLEAR                                             ,DRY                                               ,NONE                                              ,NO CONTROLS                                       ,NOT AT INTERSECTION                               ,"TWO-WAY, NOT DIVIDED                              ",ANGLE                                             ,COLLISION WITH MOTOR VEHICLE IN TRAFFIC           ,OUTSIDE ROADWAY                                   ,10 ,N,0,0,0,0,1,0,0,0,0,0,0,,,,N,42.3746,-71.085,2,250173515001007
20012689,2020-03-05 08:38:00,Day Shift (8AM - 4PM),"14 MCGRATH HWY Somerville, MA",DAYLIGHT                                          ,CLEAR                                             ,DRY                                               ,NONE                                              ,NO CONTROLS                                       ,NOT AT INTERSECTION                               ,UNKNOWN                                           ,REAR-END                                          ,COLLISION WITH PARKED MOTOR VEHICLE               ,ROADWAY                                           ,15 ,N,0,0,1,0,2,0,0,0,0,0,0,,,,N,42.3746,-71.085,2,250173515001007
19068281,2019-12-01 20:31:00,First Half (4PM - Midnight),"14 MCGRATH HWY Somerville, MA",DARK - LIGHTED ROADWAY                            ,SNOW                                              ,SNOW                                              ,NONE                                              ,NO CONTROLS                                       ,NOT AT INTERSECTION                               ,"TWO-WAY, NOT DIVIDED                              ",ANGLE                                             ,COLLISION WITH PEDESTRIAN                         ,ROADWAY                                           ,15 ,N,0,1,0,0,1,0,0,1,1,0,0,IN ROADWAY                                        ,"WALKING, RUNNING OR CYCLING                       ",APPARENTLY NORMAL                                 ,N,42.3746,-71.085,2,250173515001007
23009252,2023-02-19 14:41:00,Day Shift (8AM - 4PM),"14 MCGRATH HWY Somerville, MA",DAYLIGHT                                          ,CLEAR                                             ,DRY                                               ,NONE                                              ,NO CONTROLS                                       ,NOT AT INTERSECTION                               ,UNKNOWN                                           ,REAR TO REAR                                      ,COLLISION WITH PARKED MOTOR VEHICLE               ,OUTSIDE ROADWAY                                   ,5  ,N,0,0,0,0,3,1,0,0,0,0,0,,,,N,42.3746,-71.085,2,250173515001007
1800000064,2018-07-12 02:51:00,Last Half (Midnight - 8AM),"14 MCGRATH HWY Somerville, MA",DARK - LIGHTED ROADWAY                            ,CLEAR                                             ,DRY                                               ,NONE                                              ,NO CONTROLS                                       ,NOT AT INTERSECTION                               ,"TWO-WAY, NOT DIVIDED                              ",SINGLE VEHICLE CRASH                              ,COLLISION WITH MEDIAN BARRIER                     ,MEDIAN                                            ,15 ,N,0,0,0,0,2,0,0,0,0,0,0,,,,N,42.3746,-71.085,2,250173515001007
23029301,2023-05-27 12:40:00,Day Shift (8AM - 4PM),"14 MCGRATH HWY Somerville, MA",DAYLIGHT                                          ,CLEAR                                             ,DRY                                               ,NONE                                              ,NO CONTROLS                                       ,NOT AT INTERSECTION                               ,UNKNOWN                                           ,REAR-END                                          ,COLLISION WITH PARKED MOTOR VEHICLE               ,OUTSIDE ROADWAY                                   ,5  ,N,0,0,0,1,3,0,0,0,0,0,0,,,,N,42.3746,-71.085,2,250173515001007
18043785,2018-07-23 14:17:00,Day Shift (8AM - 4PM),"14 MCGRATH HWY Somerville, MA",DAYLIGHT                                          ,CLEAR                                             ,DRY                                               ,OTHER                                             ,NO CONTROLS                                       ,NOT AT INTERSECTION                               ,UNKNOWN                                           ,"SIDESWIPE, SAME DIRECTION                         ",COLLISION WITH PARKED MOTOR VEHICLE               ,UNKNOWN                                           ,,N,0,0,0,0,0,0,0,0,0,0,0,,,,N,42.3746,-71.085,2,250173515001007
22046324,2022-08-19 13:20:00,Day Shift (8AM - 4PM),"14 MCGRATH HWY Somerville, MA",DAYLIGHT                                          ,CLEAR                                             ,DRY                                               ,NONE                                              ,NO CONTROLS                                       ,NOT AT INTERSECTION                               ,"TWO-WAY, NOT DIVIDED                              ",ANGLE                                             ,COLLISION WITH MOTOR VEHICLE IN TRAFFIC           ,ROADWAY                                           ,20 ,N,0,0,0,0,3,0,0,0,0,0,0,,,,N,42.3746,-71.085,2,250173515001007
19072693,2019-12-25 02:27:00,Last Half (Midnight - 8AM),"14 MCGRATH HWY Somerville, MA",DARK - LIGHTED ROADWAY                            ,CLEAR                                             ,DRY                                               ,NONE                                              ,NO CONTROLS                                       ,NOT AT INTERSECTION                               ,"TWO-WAY, NOT DIVIDED                              ",SINGLE VEHICLE CRASH                              ,COLLISION WITH MEDIAN BARRIER                     ,OUTSIDE ROADWAY                                   ,10 ,N,0,0,0,0,0,1,0,0,0,0,0,,,,Y,42.3746,-71.085,2,250173515001007
20007029,2020-02-07 10:02:00,Day Shift (8AM - 4PM),"61 MEDFORD ST Somerville, MA",DAYLIGHT                                          ,RAIN                                              ,WET                                               ,NONE                                              ,NO CONTROLS                                       ,T-INTERSECTION                                    ,"TWO-WAY, NOT DIVIDED                              ",ANGLE                                             ,COLLISION WITH PEDALCYCLE                         ,ROADWAY                                           ,25 ,N,0,0,0,1,2,0,0,1,0,1,0,IN ROADWAY                                        ,"WALKING, RUNNING OR CYCLING                       ",APPARENTLY NORMAL                                 ,N,42.3753,-71.0875,2,250173515001008
23064997,2023-11-09 08:56:00,Day Shift (8AM - 4PM),"MEDFORD ST & SOUTH ST Somerville, MA",DAYLIGHT                                          ,RAIN                                              ,WET                                               ,NONE                                              ,NO CONTROLS                                       ,T-INTERSECTION                                    ,"TWO-WAY, NOT DIVIDED                              ",ANGLE                                             ,COLLISION WITH PEDALCYCLE                         ,ROADWAY                                           ,25 ,N,0,0,1,0,1,0,0,1,0,1,0,IN ROADWAY                                        ,"WALKING, RUNNING OR CYCLING                       ",APPARENTLY NORMAL                                 ,N,42.3742,-71.088,2,250173515001008
21035036,2021-07-09 13:40:00,Day Shift (8AM - 4PM),"MEDFORD ST & WARD ST Somerville, MA",DAYLIGHT                                          ,CLOUDY                                            ,WET                                               ,ROAD SURFACE CONDITION                            ,STOP SIGNS                                        ,T-INTERSECTION                                    ,"TWO-WAY, NOT DIVIDED                              ",ANGLE                                             ,COLLISION WITH MOTOR VEHICLE IN TRAFFIC           ,ROADWAY                                           ,25 ,N,0,0,0,0,3,0,0,0,0,0,0,,,,N,42.3748,-71.0883,2,250173515001008
21054921,2021-10-18 17:44:00,First Half (4PM - Midnight),"MEDFORD ST & WARD ST Somerville, MA",DAYLIGHT                                          ,CLEAR                                             ,DRY                                               ,NONE                                              ,NO CONTROLS                                       ,T-INTERSECTION                                    ,"TWO-WAY, NOT DIVIDED                              ",ANGLE                                             ,COLLISION WITH MOTOR VEHICLE IN TRAFFIC           ,ROADWAY                                           ,25 ,N,0,0,0,0,3,0,0,0,0,0,0,,,,N,42.3748,-71.0883,2,250173515001008
18032379,2018-05-31 09:07:00,Day Shift (8AM - 4PM),"MEDFORD ST & SOUTH ST Somerville, MA",DAYLIGHT                                          ,CLEAR                                             ,DRY                                               ,NONE                                              ,NO CONTROLS                                       ,NOT AT INTERSECTION                               ,"TWO-WAY, NOT DIVIDED                              ",UNKNOWN                                           ,COLLISION WITH PARKED MOTOR VEHICLE               ,UNKNOWN                                           ,20 ,Y,0,0,0,1,1,0,0,1,0,1,0,IN ROADWAY                                        ,"WALKING, RUNNING OR CYCLING                       ",APPARENTLY NORMAL                                 ,N,42.3742,-71.088,2,250173515001008
22057079,2022-10-06 00:17:00,Last Half (Midnight - 8AM),"MEDFORD ST & WARREN ST Somerville, MA",DARK - LIGHTED ROADWAY                            ,RAIN                                              ,WET                                               ,NONE                                              ,STOP SIGNS                                        ,T-INTERSECTION                                    ,"TWO-WAY, NOT DIVIDED                              ",ANGLE                                             ,COLLISION WITH PEDALCYCLE                         ,ROADWAY                                           ,25 ,N,0,0,1,0,1,0,0,1,0,1,0,SHARED-USE PATH OR TRAILS                         ,"WALKING, RUNNING OR CYCLING                       ",APPARENTLY NORMAL                                 ,N,42.3738,-71.0876,2,250173515001008
22070618,2022-12-15 18:16:00,First Half (4PM - Midnight),"WEBSTER & PROSPECT ST Somerville, MA",DARK - LIGHTED ROADWAY                            ,RAIN                                              ,WET                                               ,NONE                                              ,FLASHING TRAFIC CONTROL SIGNAL                    ,FIVE-POINT OR MORE                                ,"TWO-WAY, DIVIDED, UNPROTECTED MEDIAN              ","SIDESWIPE, OPPOSITE DIRECTION                     ",COLLISION WITH MOTOR VEHICLE IN TRAFFIC           ,ROADWAY                                           ,25 ,N,0,0,0,0,2,0,0,0,0,0,0,,,,N,42.377,-71.0956,2,250173515002000
19007903,2019-02-12 21:09:00,First Half (4PM - Midnight),"PROSPECT ST & WEBSTER AV Somerville, MA",DARK - LIGHTED ROADWAY                            ,SNOW                                              ,SNOW                                              ,ROAD SURFACE CONDITION                            ,TRAFFIC CONTROL SIGNAL                            ,FOUR WAY INTERSECTION                             ,"TWO-WAY, DIVIDED, UNPROTECTED MEDIAN              ",SINGLE VEHICLE CRASH                              ,COLLISION WITH LIGHT POLE OR OTHER POST/SUPPORT   ,ROADWAY                                           ,25 ,N,0,0,0,0,1,0,0,0,0,0,0,,,,N,42.377,-71.0956,2,250173515002000
19045406,2019-08-09 15:26:00,Day Shift (8AM - 4PM),"520 COLUMBIA ST Somerville, MA",DAYLIGHT                                          ,CLEAR                                             ,DRY                                               ,NONE                                              ,NO CONTROLS                                       ,NOT AT INTERSECTION                               ,"ONE-WAY, NOT DIVIDED                              ","SIDESWIPE, SAME DIRECTION                         ",COLLISION WITH DITCH                              ,ROADWAY                                           ,25 ,N,0,0,0,0,2,0,0,0,0,0,0,,,,N,42.3761,-71.0946,2,250173515002000
21035664,2021-07-12 13:52:00,Day Shift (8AM - 4PM),"29 HARDING ST Somerville, MA",DAYLIGHT                                          ,CLOUDY                                            ,DRY                                               ,NONE                                              ,NO CONTROLS                                       ,NOT AT INTERSECTION                               ,"TWO-WAY, NOT DIVIDED                              ",SINGLE VEHICLE CRASH                              ,COLLISION WITH PEDESTRIAN                         ,OUTSIDE ROADWAY                                   ,00 ,N,0,0,1,0,1,0,0,0,0,0,0,,,,N,42.3755,-71.09,2,250173515002000
22051280,2022-09-10 14:46:00,Day Shift (8AM - 4PM),"PROSPECT ST & WEBSTER AV Somerville, MA",DAYLIGHT                                          ,CLEAR                                             ,DRY                                               ,NONE                                              ,TRAFFIC CONTROL SIGNAL                            ,FOUR WAY INTERSECTION                             ,"TWO-WAY, NOT DIVIDED                              ",HEAD ON                                           ,COLLISION WITH OTHER MOVABLE OBJECT               ,ROADWAY                                           ,20 ,N,0,0,0,0,2,0,0,1,0,1,0,IN ROADWAY                                        ,"WALKING, RUNNING OR CYCLING                       ",APPARENTLY NORMAL                                 ,N,42.377,-71.0956,2,250173515002000
21066660,2021-12-30 12:03:00,Day Shift (8AM - 4PM),"PROSPECT ST & WEBSTER AV Somerville, MA",DAYLIGHT                                          ,RAIN                                              ,WET                                               ,NONE                                              ,TRAFFIC CONTROL SIGNAL                            ,FOUR WAY INTERSECTION                             ,"TWO-WAY, DIVIDED, UNPROTECTED MEDIAN              ",ANGLE                                             ,COLLISION WITH MOTOR VEHICLE IN TRAFFIC           ,ROADWAY                                           ,25 ,N,0,0,0,1,4,0,0,0,0,0,0,,,,N,42.377,-71.0956,2,250173515002000
22021108,2022-04-19 16:45:00,First Half (4PM - Midnight),"56 WEBSTER AV Somerville, MA",DAYLIGHT                                          ,CLEAR                                             ,DRY                                               ,NONE                                              ,TRAFFIC CONTROL SIGNAL                            ,FIVE-POINT OR MORE                                ,"TWO-WAY, DIVIDED, UNPROTECTED MEDIAN              ",REAR-END                                          ,COLLISION WITH MOTOR VEHICLE IN TRAFFIC           ,ROADWAY                                           ,25 ,N,0,0,1,0,2,0,0,0,0,0,0,,,,N,42.3765,-71.0944,2,250173515002000
18058437,2018-09-30 19:09:00,First Half (4PM - Midnight),"520 COLUMBIA ST Somerville, MA",DARK - LIGHTED ROADWAY                            ,CLEAR                                             ,DRY                                               ,NONE                                              ,STOP SIGNS                                        ,T-INTERSECTION                                    ,"TWO-WAY, NOT DIVIDED                              ",SINGLE VEHICLE CRASH                              ,OTHER                                             ,OUTSIDE ROADWAY                                   ,20 ,N,0,0,0,0,3,0,0,0,0,0,0,,,,N,42.3761,-71.0946,2,250173515002000
21047251,2021-09-09 17:56:00,First Half (4PM - Midnight),"PROSPECT ST & WEBSTER AV Somerville, MA",DAYLIGHT                                          ,RAIN                                              ,WET                                               ,NONE                                              ,NO CONTROLS                                       ,T-INTERSECTION                                    ,"TWO-WAY, DIVIDED, UNPROTECTED MEDIAN              ",REAR-END                                          ,COLLISION WITH MOTOR VEHICLE IN TRAFFIC           ,UNKNOWN                                           ,25 ,N,0,0,1,0,3,0,0,0,0,0,0,,,,N,42.377,-71.0956,2,250173515002000
23041837,2023-07-25 02:22:00,Last Half (Midnight - 8AM),"PROSPECT ST & WEBSTER AV Somerville, MA",UNKNOWN                                           ,UNKNOWN                                           ,DRY                                               ,UNKNOWN                                           ,UNKNOWN                                           ,FOUR WAY INTERSECTION                             ,"TWO-WAY, NOT DIVIDED                              ",UNKNOWN                                           ,UNKNOWN                                           ,UNKNOWN                                           ,25 ,N,0,0,0,0,0,1,0,0,0,0,0,,,,N,42.377,-71.0956,2,250173515002000
18062239,2018-10-19 20:08:00,First Half (4PM - Midnight),"NEWTON ST & WEBSTER AV Somerville, MA",DARK - LIGHTED ROADWAY                            ,CLEAR                                             ,DRY                                               ,NONE                                              ,STOP SIGNS                                        ,FOUR WAY INTERSECTION                             ,"TWO-WAY, NOT DIVIDED                              ",ANGLE                                             ,COLLISION WITH PEDALCYCLE                         ,ROADWAY                                           ,25 ,N,0,0,0,1,2,0,0,1,0,1,0,IN ROADWAY                                        ,"WALKING, RUNNING OR CYCLING                       ",APPARENTLY NORMAL                                 ,N,42.3778,-71.0958,2,250173515002003
21002348,2021-01-15 17:14:00,First Half (4PM - Midnight),"NEWTON ST & WEBSTER AVE Somerville, MA",DARK - LIGHTED ROADWAY                            ,CLEAR                                             ,DRY                                               ,NONE                                              ,STOP SIGNS                                        ,T-INTERSECTION                                    ,"TWO-WAY, NOT DIVIDED                              ",SINGLE VEHICLE CRASH                              ,COLLISION WITH GUARDRAIL                          ,ROADWAY                                           ,20 ,N,0,0,0,1,0,0,0,0,0,0,0,,,,N,42.3778,-71.0958,2,250173515002003
21061169,2021-11-23 07:43:00,Last Half (Midnight - 8AM),"WEBSTER AVE & NEWTON ST Somerville, MA",DAYLIGHT                                          ,CLEAR                                             ,DRY                                               ,NONE                                              ,STOP SIGNS                                        ,FOUR WAY INTERSECTION                             ,"TWO-WAY, NOT DIVIDED                              ",REAR-END                                          ,COLLISION WITH MOTOR VEHICLE IN TRAFFIC           ,ROADWAY                                           ,20 ,N,0,0,0,1,3,0,0,0,0,0,0,,,,N,42.3778,-71.0958,2,250173515002003
20010512,2020-02-24 18:45:00,First Half (4PM - Midnight),"NEWTON ST & WEBSTER AV Somerville, MA",DARK - LIGHTED ROADWAY                            ,CLEAR                                             ,DRY                                               ,NONE                                              ,STOP SIGNS                                        ,T-INTERSECTION                                    ,"TWO-WAY, DIVIDED, UNPROTECTED MEDIAN              ","SIDESWIPE, SAME DIRECTION                         ",COLLISION WITH PEDALCYCLE                         ,UNKNOWN                                           ,25 ,N,0,0,1,0,1,0,0,1,0,1,0,IN ROADWAY                                        ,"WALKING, RUNNING OR CYCLING                       ",APPARENTLY NORMAL                                 ,N,42.3778,-71.0958,2,250173515002003
23063933,2023-11-04,Day Shift (8AM - 4PM),"61 PROSPECT ST Somerville, MA",DARK - LIGHTED ROADWAY                            ,CLEAR                                             ,DRY                                               ,NONE                                              ,TRAFFIC CONTROL SIGNAL                            ,NOT AT INTERSECTION                               ,"TWO-WAY, NOT DIVIDED                              ",REAR-END                                          ,COLLISION WITH MOTOR VEHICLE IN TRAFFIC           ,ROADWAY                                           ,25 ,N,0,0,0,0,2,0,0,0,0,0,0,,,,N,42.3774,-71.0954,2,250173515002003
21037029,2021-07-19 10:28:00,Day Shift (8AM - 4PM),"SOUTH ST & NA Somerville, MA",DAYLIGHT                                          ,CLOUDY                                            ,WET                                               ,NONE                                              ,NO CONTROLS                                       ,T-INTERSECTION                                    ,"TWO-WAY, NOT DIVIDED                              ",REAR-END                                          ,COLLISION WITH MOTOR VEHICLE IN TRAFFIC           ,ROADWAY                                           ,25 ,Y,0,0,0,0,3,0,0,0,0,0,0,,,,N,42.3744,-71.0906,2,250173515002004
20047048,2020-09-30 15:04:00,Day Shift (8AM - 4PM),"HUNTING ST & SOUTH ST Somerville, MA",DAYLIGHT                                          ,CLEAR                                             ,DRY                                               ,NONE                                              ,NO CONTROLS                                       ,T-INTERSECTION                                    ,"TWO-WAY, NOT DIVIDED                              ",SINGLE VEHICLE CRASH                              ,OTHER                                             ,ROADSIDE                                          ,25 ,N,0,0,0,0,2,0,0,0,0,0,0,,,,N,42.3744,-71.0908,2,250173515002004
23014390,2023-03-20 07:34:00,Last Half (Midnight - 8AM),"46 SOUTH ST Somerville, MA",DAYLIGHT                                          ,CLEAR                                             ,DRY                                               ,NONE                                              ,NO CONTROLS                                       ,NOT AT INTERSECTION                               ,"TWO-WAY, NOT DIVIDED                              ","SIDESWIPE, SAME DIRECTION                         ",COLLISION WITH PARKED MOTOR VEHICLE               ,ROADSIDE                                          ,25 ,N,0,0,0,0,5,0,0,0,0,0,0,,,,N,42.3743,-71.0904,2,250173515002004
18063851,2018-10-27 20:34:00,First Half (4PM - Midnight),"100 SOUTH ST Somerville, MA",DARK - LIGHTED ROADWAY                            ,RAIN                                              ,WET                                               ,NONE                                              ,NO CONTROLS                                       ,NOT AT INTERSECTION                               ,"TWO-WAY, NOT DIVIDED                              ",HEAD ON                                           ,COLLISION WITH PARKED MOTOR VEHICLE               ,ROADWAY                                           ,25 ,N,0,0,0,0,3,0,0,0,0,0,0,,,,N,42.3746,-71.0916,2,250173515002006
22042741,2022-08-02 04:44:00,Last Half (Midnight - 8AM),"561 WINDSOR PL Somerville, MA",DARK - LIGHTED ROADWAY                            ,CLEAR                                             ,DRY                                               ,UNKNOWN                                           ,STOP SIGNS                                        ,T-INTERSECTION                                    ,"TWO-WAY, DIVIDED, UNPROTECTED MEDIAN              ",HEAD ON                                           ,COLLISION WITH MOTOR VEHICLE IN TRAFFIC           ,ROADWAY                                           ,20 ,N,0,0,0,0,3,0,0,0,0,0,0,,,,N,42.3755,-71.0932,2,250173515002007
21057747,2021-11-02 13:30:00,Day Shift (8AM - 4PM),"561 WINDSOR ST Somerville, MA",DAYLIGHT                                          ,CLOUDY                                            ,DRY                                               ,NONE                                              ,NO CONTROLS                                       ,NOT AT INTERSECTION                               ,"TWO-WAY, NOT DIVIDED                              ",SINGLE VEHICLE CRASH                              ,COLLISION WITH LIGHT POLE OR OTHER POST/SUPPORT   ,OUTSIDE ROADWAY                                   ,25 ,N,0,0,0,0,2,0,0,0,0,0,0,,,,N,42.3755,-71.0932,2,250173515002007
21024173,2021-05-14 22:27:00,First Half (4PM - Midnight),"559 WINDSOR ST Somerville, MA",DARK - LIGHTED ROADWAY                            ,CLEAR                                             ,DRY                                               ,NONE                                              ,STOP SIGNS                                        ,T-INTERSECTION                                    ,"TWO-WAY, NOT DIVIDED                              ",SINGLE VEHICLE CRASH                              ,OTHER                                             ,ROADSIDE                                          ,25 ,N,0,0,1,0,1,0,0,0,0,0,0,,,,N,42.3752,-71.0929,2,250173515002007
20050814,2020-10-20 12:04:00,Day Shift (8AM - 4PM),"69 WEBSTER AV Somerville, MA",DAYLIGHT                                          ,CLEAR                                             ,DRY                                               ,NONE                                              ,NO CONTROLS                                       ,FOUR WAY INTERSECTION                             ,"TWO-WAY, NOT DIVIDED                              ",ANGLE                                             ,COLLISION WITH MOTOR VEHICLE IN TRAFFIC           ,ROADWAY                                           ,25 ,N,0,0,0,0,3,0,0,1,0,1,0,AT INTERSECTION BUT NO CROSSWALK                  ,ENTERING OR CROSSING SPECIFIED LOCATION           ,APPARENTLY NORMAL                                 ,N,42.3754,-71.0954,2,250173515002009
19045956,2019-08-12 08:35:00,Day Shift (8AM - 4PM),"NORFOLK ST & WEBSTER AV Somerville, MA",DAYLIGHT                                          ,CLEAR                                             ,DRY                                               ,NONE                                              ,STOP SIGNS                                        ,T-INTERSECTION                                    ,"TWO-WAY, NOT DIVIDED                              ",ANGLE                                             ,COLLISION WITH PEDALCYCLE                         ,ROADWAY                                           ,25 ,N,0,0,0,1,1,0,0,1,0,1,0,AT INTERSECTION BUT NO CROSSWALK                  ,"WALKING, RUNNING OR CYCLING                       ",APPARENTLY NORMAL                                 ,N,42.3751,-71.095,2,250173515002009
19027149,2019-05-17 15:51:00,Day Shift (8AM - 4PM),"COLUMBIA ST & WEBSTER AV Somerville, MA",DAYLIGHT                                          ,RAIN                                              ,WET                                               ,NONE                                              ,NO CONTROLS                                       ,T-INTERSECTION                                    ,"TWO-WAY, NOT DIVIDED                              ",ANGLE                                             ,COLLISION WITH MOTOR VEHICLE IN TRAFFIC           ,ROADWAY                                           ,25 ,N,0,0,0,0,2,0,0,0,0,0,0,,,,N,42.3759,-71.0952,2,250173515002009
21056878,2021-10-29 10:58:00,Day Shift (8AM - 4PM),"TREMONT ST & WEBSTER AV Somerville, MA",DAYLIGHT                                          ,CLOUDY                                            ,DRY                                               ,NONE                                              ,NO CONTROLS                                       ,Y-INTERSECTION                                    ,"TWO-WAY, NOT DIVIDED                              ",SINGLE VEHICLE CRASH                              ,COLLISION WITH PEDALCYCLE                         ,ROADWAY                                           ,25 ,N,0,0,0,1,2,0,0,1,0,1,0,AT INTERSECTION BUT NO CROSSWALK                  ,"WALKING, RUNNING OR CYCLING                       ",APPARENTLY NORMAL                                 ,N,42.3759,-71.0952,2,250173515002009