Crash Number,Date and Time of Crash,Police Shift,Crash Location,Light Conditions,Weather Conditions,Road Surface,Road Contributing Circumstances,Traffic Control Device Type,Roadway Intersection Type,Trafficway Description,Manner of Collision,First Harmful Event,First Harmful Event Location,Speed Limit,Work Zone,Count Fatal Injury ,Count Suspected Serious Injury,Count Suspected Minor Injury ,Count Possible Injury,Count No Apparent Injury,Count Unknown Injury,Count Not Reported Injury,Total Non-Motorists,Pedestrian Involvement (Non-Motorist),Cyclist Involvement (Non-Motorist),Other Non-Motorist Involvement,Non-Motorist Location ,Non-Motorist Action,Non-Motorist Condition,Hit and Run Flag,Latitude,Longitude,Ward,Block Code 
19021143,2019-04-18 07:26:00,Last Half (Midnight - 8AM),"WEBSTER AV & COLUMBIA ST Somerville, MA",DAYLIGHT                                          ,CLOUDY                                            ,DRY                                               ,NONE                                              ,STOP SIGNS                                        ,FOUR WAY INTERSECTION                             ,"TWO-WAY, NOT DIVIDED                              ",ANGLE                                             ,COLLISION WITH MOTOR VEHICLE IN TRAFFIC           ,ROADWAY                                           ,25 ,N,0,0,0,0,3,0,0,0,0,0,0,,,,N,42.3759,-71.0952,2,250173515002009
18033779,2018-06-06 17:29:00,First Half (4PM - Midnight),"COLUMBIA ST & WEBSTER AV Somerville, MA",DAYLIGHT                                          ,CLEAR                                             ,DRY                                               ,NONE                                              ,STOP SIGNS                                        ,T-INTERSECTION                                    ,"TWO-WAY, NOT DIVIDED                              ",ANGLE                                             ,COLLISION WITH MOTOR VEHICLE IN TRAFFIC           ,ROADWAY                                           ,20 ,N,0,0,0,0,2,0,0,0,0,0,0,,,,N,42.3759,-71.0952,2,250173515002009
21023485,2021-05-11 13:56:00,Day Shift (8AM - 4PM),"235 TREMONT ST Somerville, MA",DAYLIGHT                                          ,CLEAR                                             ,DRY                                               ,NONE                                              ,NO CONTROLS                                       ,NOT AT INTERSECTION                               ,"TWO-WAY, NOT DIVIDED                              ",UNKNOWN                                           ,OTHER                                             ,UNKNOWN                                           ,20 ,N,0,1,0,0,2,0,0,1,0,1,0,IN ROADWAY                                        ,OTHER                                             ,UNKNOWN                                           ,N,42.3758,-71.0955,2,250173515002010
23068894,2023-11-30 16:41:00,First Half (4PM - Midnight),"102 PROSPECT ST Somerville, MA",DARK - LIGHTED ROADWAY                            ,CLEAR                                             ,DRY                                               ,NONE                                              ,UNKNOWN                                           ,NOT AT INTERSECTION                               ,"TWO-WAY, NOT DIVIDED                              ",HEAD ON                                           ,COLLISION WITH MOTOR VEHICLE IN TRAFFIC           ,ROADWAY                                           ,25 ,N,0,0,0,0,2,0,0,0,0,0,0,,,,N,42.3752,-71.0966,2,250173515002010
23073746,2023-12-23 03:29:00,Last Half (Midnight - 8AM),"100 PROSPECT ST Somerville, MA",DARK - LIGHTED ROADWAY                            ,CLEAR                                             ,WET                                               ,UNKNOWN                                           ,NO CONTROLS                                       ,NOT AT INTERSECTION                               ,"TWO-WAY, NOT DIVIDED                              ","SIDESWIPE, SAME DIRECTION                         ",COLLISION WITH PARKED MOTOR VEHICLE               ,ROADWAY                                           ,25 ,N,0,0,0,1,1,0,0,0,0,0,0,,,,N,42.3753,-71.0965,2,250173515002010
20039385,2020-08-13 17:32:00,First Half (4PM - Midnight),"225 TREMONT ST Somerville, MA",DAYLIGHT                                          ,CLEAR                                             ,DRY                                               ,NONE                                              ,NO CONTROLS                                       ,NOT AT INTERSECTION                               ,"ONE-WAY, NOT DIVIDED                              ","SIDESWIPE, SAME DIRECTION                         ",COLLISION WITH PARKED MOTOR VEHICLE               ,ROADSIDE                                          ,25 ,N,0,0,0,0,5,0,0,0,0,0,0,,,,Y,42.3756,-71.0957,2,250173515002010
19033311,2019-06-14 04:27:00,Last Half (Midnight - 8AM),"102 PROSPECT ST Somerville, MA",DAWN                                              ,CLEAR                                             ,DRY                                               ,NONE                                              ,NO CONTROLS                                       ,NOT AT INTERSECTION                               ,"TWO-WAY, NOT DIVIDED                              ",REAR-END                                          ,COLLISION WITH PARKED MOTOR VEHICLE               ,ROADSIDE                                          ,25 ,N,0,0,0,0,3,0,0,0,0,0,0,,,,N,42.3752,-71.0966,2,250173515002010
23068976,2023-12-01 00:25:00,Last Half (Midnight - 8AM),"90 PROSPECT ST Somerville, MA",DARK - LIGHTED ROADWAY                            ,CLEAR                                             ,DRY                                               ,NONE                                              ,NO CONTROLS                                       ,NOT AT INTERSECTION                               ,"TWO-WAY, NOT DIVIDED                              ",SINGLE VEHICLE CRASH                              ,COLLISION WITH PARKED MOTOR VEHICLE               ,ROADWAY                                           ,20 ,N,0,0,0,1,0,0,0,0,0,0,0,,,,N,42.3757,-71.0962,2,250173515002010
22048871,2022-08-30 14:08:00,Day Shift (8AM - 4PM),"70 PROSPECT ST Somerville, MA",DAYLIGHT                                          ,CLEAR                                             ,DRY                                               ,NONE                                              ,TRAFFIC CONTROL SIGNAL                            ,NOT AT INTERSECTION                               ,"TWO-WAY, NOT DIVIDED                              ",ANGLE                                             ,COLLISION WITH MOTOR VEHICLE IN TRAFFIC           ,ROADWAY                                           ,25 ,N,0,0,0,0,5,0,0,0,0,0,0,,,,N,42.3765,-71.0956,2,250173515002010
21015118,2021-03-25 08:18:00,Day Shift (8AM - 4PM),"SOUTH ST & HARDING Somerville, MA",DAYLIGHT                                          ,CLOUDY                                            ,WET                                               ,NONE                                              ,STOP SIGNS                                        ,T-INTERSECTION                                    ,"ONE-WAY, NOT DIVIDED                              ",ANGLE                                             ,COLLISION WITH MOTOR VEHICLE IN TRAFFIC           ,ROADWAY                                           ,25 ,N,0,0,0,0,4,0,0,0,0,0,0,,,,N,42.3743,-71.0902,2,250173515002011
18031865,2018-05-29 12:00:00,Day Shift (8AM - 4PM),"40 SOUTH ST Somerville, MA",DAYLIGHT                                          ,CLEAR                                             ,DRY                                               ,NONE                                              ,NO CONTROLS                                       ,NOT AT INTERSECTION                               ,"ONE-WAY, NOT DIVIDED                              ",REAR-END                                          ,COLLISION WITH MOTOR VEHICLE IN TRAFFIC           ,ROADWAY                                           ,25 ,N,0,0,3,0,4,0,0,0,0,0,0,,,,N,42.3742,-71.0901,2,250173515002011
22020808,2022-04-18 11:52:00,Day Shift (8AM - 4PM),"44 MEDFORD ST Somerville, MA",DAYLIGHT                                          ,CLEAR                                             ,DRY                                               ,NONE                                              ,NO CONTROLS                                       ,NOT AT INTERSECTION                               ,"TWO-WAY, NOT DIVIDED                              ","SIDESWIPE, SAME DIRECTION                         ",COLLISION WITH PEDALCYCLE                         ,ROADWAY                                           ,25 ,N,0,0,0,1,2,0,0,1,0,1,0,IN ROADWAY                                        ,"WALKING, RUNNING OR CYCLING                       ",APPARENTLY NORMAL                                 ,N,42.3747,-71.0884,2,250173515002013
24007872,2024-02-11 16:24:00,First Half (4PM - Midnight),"40 MEDFORD ST Somerville, MA",DAYLIGHT                                          ,CLEAR                                             ,DRY                                               ,NONE                                              ,NO CONTROLS                                       ,NOT AT INTERSECTION                               ,"TWO-WAY, NOT DIVIDED                              ",SINGLE VEHICLE CRASH                              ,COLLISION WITH PEDALCYCLE                         ,ROADWAY                                           ,25 ,N,0,0,1,0,3,0,0,1,0,1,0,IN ROADWAY                                        ,"WALKING, RUNNING OR CYCLING                       ",APPARENTLY NORMAL                                 ,N,42.3746,-71.0885,2,250173515002013
18034033,2018-06-07 23:37:00,First Half (4PM - Midnight),"16 MEDFORD ST Somerville, MA",DARK - LIGHTED ROADWAY                            ,CLEAR                                             ,DRY                                               ,SHOULDERS                                         ,STOP SIGNS                                        ,T-INTERSECTION                                    ,"TWO-WAY, NOT DIVIDED                              ",SINGLE VEHICLE CRASH                              ,COLLISION WITH PEDESTRIAN                         ,ROADSIDE                                          ,,N,0,0,0,0,1,0,0,0,0,0,0,,,,N,42.3738,-71.088,2,250173515002014
18066654,2018-11-09 14:47:00,Day Shift (8AM - 4PM),"51 WARREN ST Somerville, MA",DAYLIGHT                                          ,CLOUDY                                            ,DRY                                               ,NONE                                              ,NO CONTROLS                                       ,NOT AT INTERSECTION                               ,"ONE-WAY, NOT DIVIDED                              ",UNKNOWN                                           ,COLLISION WITH PARKED MOTOR VEHICLE               ,ROADWAY                                           ,25 ,N,0,0,0,0,3,0,0,0,0,0,0,,,,Y,42.3736,-71.088,2,250173515002014
19044386,2019-08-04 01:17:00,Last Half (Midnight - 8AM),"16 MEDFORD ST Somerville, MA",DARK - LIGHTED ROADWAY                            ,CLEAR                                             ,DRY                                               ,NONE                                              ,NO CONTROLS                                       ,NOT AT INTERSECTION                               ,"TWO-WAY, NOT DIVIDED                              ",SINGLE VEHICLE CRASH                              ,COLLISION WITH UTILITY POLE                       ,ROADWAY                                           ,20 ,N,0,0,0,1,1,0,0,0,0,0,0,,,,N,42.3738,-71.088,2,250173515002014
19057827,2019-10-08 11:10:00,Day Shift (8AM - 4PM),"51 WARREN ST Somerville, MA",DAYLIGHT                                          ,CLOUDY                                            ,OTHER                                             ,NONE                                              ,NO CONTROLS                                       ,NOT AT INTERSECTION                               ,"ONE-WAY, NOT DIVIDED                              ","SIDESWIPE, SAME DIRECTION                         ",COLLISION WITH PARKED MOTOR VEHICLE               ,ROADSIDE                                          ,25 ,N,0,0,0,0,3,0,0,0,0,0,0,,,,N,42.3736,-71.088,2,250173515002014
20045603,2020-09-23 17:24:00,First Half (4PM - Midnight),"20 MEDFORD ST Somerville, MA",DAYLIGHT                                          ,CLEAR                                             ,DRY                                               ,NONE                                              ,NO CONTROLS                                       ,T-INTERSECTION                                    ,"TWO-WAY, NOT DIVIDED                              ",ANGLE                                             ,COLLISION WITH MOTOR VEHICLE IN TRAFFIC           ,ROADWAY                                           ,20 ,N,0,0,0,1,1,1,0,0,0,0,0,,,,N,42.3739,-71.0883,2,250173515002014
24001212,2024-01-07 15:56:00,Day Shift (8AM - 4PM),"BEDFORD ST & SOUTH ST Somerville, MA",DARK - UNKNOWN ROADWAY LIGHTING                   ,SNOW                                              ,SLUSH                                             ,ROAD SURFACE CONDITION                            ,NO CONTROLS                                       ,T-INTERSECTION                                    ,"TWO-WAY, NOT DIVIDED                              ","SIDESWIPE, OPPOSITE DIRECTION                     ",COLLISION WITH PARKED MOTOR VEHICLE               ,ROADWAY                                           ,25 ,N,0,0,0,0,1,0,0,0,0,0,0,,,,N,42.3741,-71.0885,2,250173515002014
18035928,2018-06-16 12:54:00,Day Shift (8AM - 4PM),"16 MEDFORD ST Somerville, MA",DAYLIGHT                                          ,CLEAR                                             ,DRY                                               ,NONE                                              ,NO CONTROLS                                       ,,"TWO-WAY, DIVIDED, UNPROTECTED MEDIAN              ",ANGLE                                             ,COLLISION WITH PEDALCYCLE                         ,ROADWAY                                           ,,N,0,0,0,0,2,0,0,1,0,1,0,IN ROADWAY                                        ,"WALKING, RUNNING OR CYCLING                       ",APPARENTLY NORMAL                                 ,N,42.3738,-71.088,2,250173515002014
19019432,2019-04-09 11:23:00,Day Shift (8AM - 4PM),"51 WARREN ST Somerville, MA",DAYLIGHT                                          ,CLOUDY                                            ,DRY                                               ,NONE                                              ,NO CONTROLS                                       ,NOT AT INTERSECTION                               ,"ONE-WAY, NOT DIVIDED                              ","SIDESWIPE, SAME DIRECTION                         ",COLLISION WITH PARKED MOTOR VEHICLE               ,ROADWAY                                           ,25 ,N,0,0,0,0,1,0,0,0,0,0,0,,,,Y,42.3736,-71.088,2,250173515002014
22055652,2022-09-29 18:47:00,First Half (4PM - Midnight),"8 MEDFORD ST Somerville, MA",DARK - LIGHTED ROADWAY                            ,CLEAR                                             ,DRY                                               ,NONE                                              ,NO CONTROLS                                       ,NOT AT INTERSECTION                               ,"TWO-WAY, NOT DIVIDED                              ",SINGLE VEHICLE CRASH                              ,COLLISION WITH CURB                               ,ROADSIDE                                          ,25 ,N,0,0,1,0,3,0,0,1,1,0,0,SIDEWALK                                          ,"WALKING, RUNNING OR CYCLING                       ",APPARENTLY NORMAL                                 ,N,42.3736,-71.0877,2,250173515002015
24015866,2024-03-21 14:22:00,Day Shift (8AM - 4PM),"182 WASHINGTON ST Somerville, MA",DAYLIGHT                                          ,CLEAR                                             ,DRY                                               ,NONE                                              ,TRAFFIC CONTROL SIGNAL                            ,TRAFFIC CIRCLE                                    ,"TWO-WAY, DIVIDED, POSITIVE MEDIAN BARRIER         ","SIDESWIPE, SAME DIRECTION                         ",COLLISION WITH MOTOR VEHICLE IN TRAFFIC           ,ROADWAY                                           ,25 ,N,0,0,0,0,2,0,0,0,0,0,0,,,,N,42.3797,-71.0903,2,250173515003000
18032725,2018-06-01 15:18:00,Day Shift (8AM - 4PM),"254 MCGRATH HWY Somerville, MA",DAYLIGHT                                          ,CLEAR                                             ,DRY                                               ,NONE                                              ,NO CONTROLS                                       ,NOT AT INTERSECTION                               ,"ONE-WAY, NOT DIVIDED                              ",ANGLE                                             ,COLLISION WITH MOTOR VEHICLE IN TRAFFIC           ,ROADWAY                                           ,25 ,N,0,0,0,0,4,0,0,0,0,0,0,,,,N,42.3779,-71.0896,2,250173515003000
22051780,2022-09-12 21:15:00,First Half (4PM - Midnight),"182 WASHINGTON ST Somerville, MA",DARK - LIGHTED ROADWAY                            ,CLEAR                                             ,DRY                                               ,NONE                                              ,NO CONTROLS                                       ,NOT AT INTERSECTION                               ,"TWO-WAY, NOT DIVIDED                              ",REAR-END                                          ,COLLISION WITH PARKED MOTOR VEHICLE               ,ROADSIDE                                          ,25 ,N,0,0,0,0,2,0,0,0,0,0,0,,,,N,42.3797,-71.0903,2,250173515003000
18037087,2018-06-21 19:16:00,First Half (4PM - Midnight),"182 WASHINGTON ST Somerville, MA",DAYLIGHT                                          ,CLEAR                                             ,DRY                                               ,NONE                                              ,NO CONTROLS                                       ,NOT AT INTERSECTION                               ,"TWO-WAY, NOT DIVIDED                              ","SIDESWIPE, SAME DIRECTION                         ",COLLISION WITH PEDALCYCLE                         ,ROADWAY                                           ,25 ,N,0,0,0,0,0,2,0,0,0,0,0,,,,Y,42.3797,-71.0903,2,250173515003000
20040728,2020-08-22 21:02:00,First Half (4PM - Midnight),"180 WASHINGTON ST Somerville, MA",DARK - LIGHTED ROADWAY                            ,CLEAR                                             ,DRY                                               ,NONE                                              ,TRAFFIC CONTROL SIGNAL                            ,NOT AT INTERSECTION                               ,"TWO-WAY, DIVIDED, POSITIVE MEDIAN BARRIER         ",SINGLE VEHICLE CRASH                              ,COLLISION WITH UTILITY POLE                       ,OUTSIDE ROADWAY                                   ,25 ,N,0,0,0,0,1,0,0,0,0,0,0,,,,N,42.3798,-71.0903,2,250173515003000
19067990,2019-11-29 22:10:00,First Half (4PM - Midnight),"185 SOMERVILLE AV Somerville, MA",DARK - LIGHTED ROADWAY                            ,CLEAR                                             ,DRY                                               ,NONE                                              ,NO CONTROLS                                       ,NOT AT INTERSECTION                               ,UNKNOWN                                           ,ANGLE                                             ,COLLISION WITH PARKED MOTOR VEHICLE               ,ROADWAY                                           ,15 ,N,0,0,0,0,1,0,0,0,0,0,0,,,,N,42.378,-71.0898,2,250173515003000
21052377,2021-10-05 01:52:00,Last Half (Midnight - 8AM),"178 WASHINGTON ST Somerville, MA",DARK - ROADWAY NOT LIGHTED                        ,RAIN                                              ,WET                                               ,OTHER                                             ,NO CONTROLS                                       ,NOT AT INTERSECTION                               ,"TWO-WAY, DIVIDED, POSITIVE MEDIAN BARRIER         ",SINGLE VEHICLE CRASH                              ,COLLISION WITH MEDIAN BARRIER                     ,MEDIAN                                            ,25 ,N,0,0,0,0,1,0,0,0,0,0,0,,,,N,42.3798,-71.0903,2,250173515003000
21021632,2021-05-01 12:19:00,Day Shift (8AM - 4PM),"282 MCGRATH HWY Somerville, MA",DAYLIGHT                                          ,CLEAR                                             ,DRY                                               ,NONE                                              ,NO CONTROLS                                       ,NOT AT INTERSECTION                               ,"ONE-WAY, NOT DIVIDED                              ","SIDESWIPE, SAME DIRECTION                         ",COLLISION WITH MOTOR VEHICLE IN TRAFFIC           ,ROADWAY                                           ,30 ,N,0,0,1,0,1,0,0,0,0,0,0,,,,N,42.3786,-71.0897,2,250173515003000
21041789,2021-08-11 21:58:00,First Half (4PM - Midnight),"182 WASHINGTON ST Somerville, MA",DARK - LIGHTED ROADWAY                            ,CLEAR                                             ,DRY                                               ,NONE                                              ,TRAFFIC CONTROL SIGNAL                            ,FOUR WAY INTERSECTION                             ,"TWO-WAY, DIVIDED, UNPROTECTED MEDIAN              ",REAR-END                                          ,COLLISION WITH MOTOR VEHICLE IN TRAFFIC           ,ROADWAY                                           ,25 ,N,0,0,0,2,0,0,0,0,0,0,0,,,,Y,42.3797,-71.0903,2,250173515003000
19054889,2019-09-23 20:10:00,First Half (4PM - Midnight),"182 WASHINGTON ST Somerville, MA",DARK - LIGHTED ROADWAY                            ,CLEAR                                             ,DRY                                               ,UNKNOWN                                           ,STOP SIGNS                                        ,T-INTERSECTION                                    ,"ONE-WAY, NOT DIVIDED                              ",HEAD ON                                           ,COLLISION WITH MOTOR VEHICLE IN TRAFFIC           ,ROADWAY                                           ,25 ,N,0,0,1,0,1,0,0,1,0,1,0,MARKED CROSSWALK AT INTERSECTION                  ,ENTERING OR CROSSING SPECIFIED LOCATION           ,APPARENTLY NORMAL                                 ,N,42.3797,-71.0903,2,250173515003000
20056035,2020-11-18 13:16:00,Day Shift (8AM - 4PM),"182 WASHINGTON ST Somerville, MA",DAYLIGHT                                          ,CLEAR                                             ,DRY                                               ,NONE                                              ,NO CONTROLS                                       ,NOT AT INTERSECTION                               ,UNKNOWN                                           ,REAR-END                                          ,COLLISION WITH MOTOR VEHICLE IN TRAFFIC           ,OUTSIDE ROADWAY                                   ,25 ,N,0,0,0,0,2,0,0,0,0,0,0,,,,N,42.3797,-71.0903,2,250173515003000
19036658,2019-06-29 09:31:00,Day Shift (8AM - 4PM),"306 MCGRATH HWY Somerville, MA",DAYLIGHT                                          ,RAIN                                              ,WET                                               ,NONE                                              ,NO CONTROLS                                       ,TRAFFIC CIRCLE                                    ,"ONE-WAY, NOT DIVIDED                              ",SINGLE VEHICLE CRASH                              ,COLLISION WITH CURB                               ,MEDIAN                                            ,25 ,N,0,0,1,0,1,0,0,0,0,0,0,,,,N,42.3791,-71.09,2,250173515003000
21000855,2021-01-07 10:26:00,Day Shift (8AM - 4PM),"182 WASHINGTON ST Somerville, MA",DAYLIGHT                                          ,CLEAR                                             ,DRY                                               ,NONE                                              ,TRAFFIC CONTROL SIGNAL                            ,FOUR WAY INTERSECTION                             ,"TWO-WAY, DIVIDED, UNPROTECTED MEDIAN              ",ANGLE                                             ,COLLISION WITH MOTOR VEHICLE IN TRAFFIC           ,ROADWAY                                           ,25 ,N,0,0,1,0,2,0,0,0,0,0,0,,,,N,42.3797,-71.0903,2,250173515003000
22057657,2022-10-08 10:21:00,Day Shift (8AM - 4PM),"195 SOMERVILLE AV Somerville, MA",DAYLIGHT                                          ,CLEAR                                             ,DRY                                               ,NONE                                              ,STOP SIGNS                                        ,T-INTERSECTION                                    ,"TWO-WAY, DIVIDED, UNPROTECTED MEDIAN              ",ANGLE                                             ,COLLISION WITH MOTOR VEHICLE IN TRAFFIC           ,ROADWAY                                           ,20 ,N,0,0,0,1,2,0,0,0,0,0,0,,,,N,42.3778,-71.0904,2,250173515003001
20060010,2020-12-12 18:49:00,First Half (4PM - Midnight),"ROSSMORE ST & SOMERVILLE AV Somerville, MA",DARK - LIGHTED ROADWAY                            ,RAIN                                              ,WET                                               ,NONE                                              ,NO CONTROLS                                       ,T-INTERSECTION                                    ,"ONE-WAY, NOT DIVIDED                              ",SINGLE VEHICLE CRASH                              ,COLLISION WITH UTILITY POLE                       ,OUTSIDE ROADWAY                                   ,20 ,Y,0,0,0,0,2,0,0,0,0,0,0,,,,N,42.378,-71.091,2,250173515003001
22013666,2022-03-15 13:20:00,Day Shift (8AM - 4PM),"190 WASHINGTON STREET Somerville, MA",DAYLIGHT                                          ,CLEAR                                             ,DRY                                               ,NONE                                              ,NO CONTROLS                                       ,UNKNOWN                                           ,"TWO-WAY, NOT DIVIDED                              ",REAR-END                                          ,COLLISION WITH MOTOR VEHICLE IN TRAFFIC           ,ROADWAY                                           ,10 ,N,0,0,0,0,2,0,0,0,0,0,0,,,,N,42.3796,-71.0908,2,250173515003001
18068857,2018-11-20 15:06:00,Day Shift (8AM - 4PM),"198 WASHINGTON ST Somerville, MA",DAYLIGHT                                          ,RAIN                                              ,WET                                               ,NONE                                              ,NO CONTROLS                                       ,NOT AT INTERSECTION                               ,"TWO-WAY, DIVIDED, UNPROTECTED MEDIAN              ",ANGLE                                             ,COLLISION WITH MOTOR VEHICLE IN TRAFFIC           ,ROADWAY                                           ,25 ,N,0,0,1,0,3,0,0,0,0,0,0,,,,N,42.3795,-71.0911,2,250173515003001
23043393,2023-08-01 15:55:00,Day Shift (8AM - 4PM),"83 MERRIAM ST Somerville, MA",DAYLIGHT                                          ,CLEAR                                             ,DRY                                               ,NONE                                              ,NO CONTROLS                                       ,NOT AT INTERSECTION                               ,"ONE-WAY, NOT DIVIDED                              ","SIDESWIPE, SAME DIRECTION                         ",COLLISION WITH PARKED MOTOR VEHICLE               ,ROADWAY                                           ,25 ,N,0,0,0,0,3,0,0,0,0,0,0,,,,N,42.3792,-71.0918,2,250173515003002
23010737,2023-02-28 11:58:00,Day Shift (8AM - 4PM),"220 WASHINGTON ST Somerville, MA",DAYLIGHT                                          ,CLOUDY                                            ,WET                                               ,NONE                                              ,NO CONTROLS                                       ,NOT AT INTERSECTION                               ,"TWO-WAY, DIVIDED, UNPROTECTED MEDIAN              ",ANGLE                                             ,COLLISION WITH MOTOR VEHICLE IN TRAFFIC           ,ROADWAY                                           ,25 ,N,0,0,0,0,2,0,0,0,0,0,0,,,,N,42.379,-71.0924,2,250173515003003
20027864,2020-06-01 09:35:00,Day Shift (8AM - 4PM),"PROSPECT ST & SOMERVILLE AV Somerville, MA",DAYLIGHT                                          ,CLEAR                                             ,DRY                                               ,OTHER                                             ,TRAFFIC CONTROL SIGNAL                            ,FOUR WAY INTERSECTION                             ,"TWO-WAY, NOT DIVIDED                              ",ANGLE                                             ,COLLISION WITH MOTOR VEHICLE IN TRAFFIC           ,ROADWAY                                           ,20 ,Y,0,0,0,0,3,0,0,0,0,0,0,,,,N,42.3791,-71.0941,2,250173515003003
21054286,2021-10-15 09:05:00,Day Shift (8AM - 4PM),"PROSPECT ST & SOMERVILLE AV Somerville, MA",DAYLIGHT                                          ,CLEAR                                             ,DRY                                               ,NONE                                              ,TRAFFIC CONTROL SIGNAL                            ,FOUR WAY INTERSECTION                             ,"TWO-WAY, NOT DIVIDED                              ","SIDESWIPE, SAME DIRECTION                         ",COLLISION WITH MOTOR VEHICLE IN TRAFFIC           ,ROADWAY                                           ,25 ,Y,0,0,0,0,4,0,0,0,0,0,0,,,,N,42.3791,-71.0941,2,250173515003003
19026833,2019-05-16 08:24:00,Day Shift (8AM - 4PM),"PROSPECT ST & SOMERVILLE AV Somerville, MA",DAYLIGHT                                          ,CLEAR                                             ,DRY                                               ,NONE                                              ,TRAFFIC CONTROL SIGNAL                            ,FOUR WAY INTERSECTION                             ,"TWO-WAY, NOT DIVIDED                              ",ANGLE                                             ,COLLISION WITH PEDALCYCLE                         ,ROADWAY                                           ,25 ,N,0,0,0,0,3,0,0,1,0,1,0,IN ROADWAY                                        ,"WALKING, RUNNING OR CYCLING                       ",APPARENTLY NORMAL                                 ,N,42.3791,-71.0941,2,250173515003003
23010915,2023-03-01 12:37:00,Day Shift (8AM - 4PM),"220 WASHINGTON ST Somerville, MA",DAYLIGHT                                          ,CLEAR                                             ,WET                                               ,NONE                                              ,NO CONTROLS                                       ,NOT AT INTERSECTION                               ,"TWO-WAY, NOT DIVIDED                              ",REAR-END                                          ,COLLISION WITH MOTOR VEHICLE IN TRAFFIC           ,ROADWAY                                           ,25 ,N,0,0,0,0,2,0,0,0,0,0,0,,,,N,42.379,-71.0924,2,250173515003003
24007188,2024-02-08 08:17:00,Day Shift (8AM - 4PM),"220 WASHINGTON ST Somerville, MA",DAYLIGHT                                          ,CLEAR                                             ,DRY                                               ,NONE                                              ,NO CONTROLS                                       ,NOT AT INTERSECTION                               ,UNKNOWN                                           ,"SIDESWIPE, OPPOSITE DIRECTION                     ",COLLISION WITH PARKED MOTOR VEHICLE               ,OUTSIDE ROADWAY                                   ,20 ,N,0,0,0,0,3,0,0,0,0,0,0,,,,N,42.379,-71.0924,2,250173515003003
22071048,2022-12-18 01:37:00,Last Half (Midnight - 8AM),"220 WASHINGTON ST Somerville, MA",DARK - LIGHTED ROADWAY                            ,CLEAR                                             ,DRY                                               ,NONE                                              ,NO CONTROLS                                       ,NOT AT INTERSECTION                               ,"TWO-WAY, NOT DIVIDED                              ","SIDESWIPE, SAME DIRECTION                         ",COLLISION WITH PARKED MOTOR VEHICLE               ,ROADSIDE                                          ,25 ,N,0,0,0,0,4,0,0,0,0,0,0,,,,N,42.379,-71.0924,2,250173515003003
20015013,2020-03-16 21:29:00,First Half (4PM - Midnight),"PROSPECT ST & SOMERVILLE AV Somerville, MA",DARK - LIGHTED ROADWAY                            ,CLEAR                                             ,DRY                                               ,NONE                                              ,TRAFFIC CONTROL SIGNAL                            ,T-INTERSECTION                                    ,"TWO-WAY, NOT DIVIDED                              ",ANGLE                                             ,COLLISION WITH PEDALCYCLE                         ,ROADWAY                                           ,25 ,N,0,0,0,0,3,0,0,1,0,1,0,IN ROADWAY                                        ,"WALKING, RUNNING OR CYCLING                       ",APPARENTLY NORMAL                                 ,N,42.3791,-71.0941,2,250173515003003
18065958,2018-11-06 12:45:00,Day Shift (8AM - 4PM),"259 SOMERVILLE AV Somerville, MA",DAYLIGHT                                          ,CLOUDY                                            ,WET                                               ,NONE                                              ,NO CONTROLS                                       ,T-INTERSECTION                                    ,"TWO-WAY, NOT DIVIDED                              ",UNKNOWN                                           ,COLLISION WITH PEDESTRIAN                         ,ROADWAY                                           ,20 ,N,0,0,0,1,1,0,0,1,1,0,0,,,,N,42.379,-71.0932,2,250173515003003
18074912,2018-12-21 07:04:00,Last Half (Midnight - 8AM),"220 WASHINGTON ST Somerville, MA",DAYLIGHT                                          ,RAIN                                              ,WET                                               ,NONE                                              ,STOP SIGNS                                        ,T-INTERSECTION                                    ,"TWO-WAY, DIVIDED, UNPROTECTED MEDIAN              ",ANGLE                                             ,COLLISION WITH MOTOR VEHICLE IN TRAFFIC           ,ROADWAY                                           ,25 ,N,0,0,0,0,3,0,0,0,0,0,0,,,,N,42.379,-71.0924,2,250173515003003
19029251,2019-05-26 19:57:00,First Half (4PM - Midnight),"259 SOMERVILLE AV Somerville, MA",DUSK                                              ,CLEAR                                             ,DRY                                               ,NONE                                              ,NO CONTROLS                                       ,NOT AT INTERSECTION                               ,UNKNOWN                                           ,"SIDESWIPE, SAME DIRECTION                         ",COLLISION WITH PARKED MOTOR VEHICLE               ,OUTSIDE ROADWAY                                   ,15 ,N,0,0,0,0,2,0,0,0,0,0,0,,,,N,42.379,-71.0932,2,250173515003003
21062349,2021-12-01 05:46:00,Last Half (Midnight - 8AM),"PROSPECT ST & SOMERVILLE AV Somerville, MA",DAWN                                              ,CLEAR                                             ,DRY                                               ,NONE                                              ,TRAFFIC CONTROL SIGNAL                            ,FOUR WAY INTERSECTION                             ,"TWO-WAY, NOT DIVIDED                              ","SIDESWIPE, OPPOSITE DIRECTION                     ",COLLISION WITH MOTOR VEHICLE IN TRAFFIC           ,ROADWAY                                           ,25 ,N,0,0,1,0,2,0,0,0,0,0,0,,,,N,42.3791,-71.0941,2,250173515003003